report_t_s,t,IAS_kmh,Glide_ratio_GNSS,pitch,vario
0.10103868554179979,403.59,35.21073583961782,7.176539999433665,1,-1.66
0.28093677130654005,403.77,34.93456894170668,7.176642739763654,1,-1.57
0.46083485707128036,403.95,34.69344612576895,7.139680396448156,0,-1.54
0.6707159571301724,404.16,34.24383603106475,7.091791387441372,0,-1.61
0.870602719090976,404.36,34.01680257083045,7.026922514421579,0,-1.65
1.110466833443963,404.6,33.3651527550429,6.954094267041479,0,-1.69
1.3103535954047665,404.8,33.32642360356241,6.871465829028602,-1,-1.68
1.460268666875355,404.95,33.46177952194877,6.758045460512392,-1,-1.67
1.670149766934247,405.16,33.61580463752983,6.676146855244463,-1,-1.67
1.8800308669930823,405.37,34.39435911273112,6.582603176586043,0,-1.64
2.099906305149949,405.59,34.730650904422994,6.475875733529424,-1,-1.64
2.269810052816658,405.76,34.730650904422994,6.3740977860220935,-1,-1.68
2.4696968147774614,405.96,34.674828766700486,6.292155568987691,-1,-1.73
2.669583576738322,406.16,34.54422631104323,6.222945247497318,-1,-1.76
2.8694703386991254,406.36,34.63756402861977,6.177191548966936,-1,-1.79
3.1093344530521123,406.6,34.24383603106475,6.155759347720521,-2,-1.86
3.259249524522701,406.75,33.71171297689772,6.148696965722021,-2,-1.95
3.4591362864835045,406.95,33.76912723304576,6.192191729062328,-2,-2.02
3.6690173865423965,407.16,34.18721901350782,6.249354341414867,-2,-2.01
3.8689041485032,407.36,34.31918009581492,6.330289359611396,-1,-1.97
4.088779586660067,407.58,35.302311380071274,6.450624439863084,-1,-1.89
4.268677672424808,407.76,35.375401129910045,6.607920144897754,0,-1.83
4.45857009628758,407.95,35.338875151011464,6.7938897012709925,0,-1.73
4.658456858248383,408.15,35.84685218013556,7.007533072363447,0,-1.62
4.858343620209244,408.35,36.54262607432809,7.255539727923545,1,-1.42
5.088213396464142,408.58,35.93680678124662,7.533142419688753,1,-1.35
5.268111482228882,408.76,36.27660002237907,7.841859017011557,1,-1.39
5.467998244189686,408.96,36.27660002237907,8.134375987633863,2,-1.37
5.657890668052458,409.15,35.68436246438761,8.442787937337078,2,-1.32
5.857777430013318,409.35,35.57562367689427,8.792776455277366,1,-1.27
6.097641544366248,409.59,35.17403886681314,9.154132859813608,2,-1.22
6.257550953934925,409.75,34.82348895003287,9.531743360273342,2,-1.2
6.46743205399376,409.96,34.60025915616051,9.945705452544896,3,-1.09
6.667318815954621,410.16,34.31918009581492,10.401837185065753,3,-1.01
6.867205577915424,410.36,33.940787274551056,10.866696182160828,3,-0.95
7.107069692268412,410.6,33.5388804986398,11.352156440724965,3,-0.91
7.256984763739,410.75,33.171054815170116,11.85425357199033,3,-0.9
7.456871525699803,410.95,32.72026029348589,12.432709182302288,4,-0.86
7.656758287660607,411.15,32.34312610312195,13.020631418846099,4,-0.78
7.846650711523379,411.34,32.08253267840967,13.561404551460818,4,-0.69
8.086514825876366,411.58,31.411318316290814,14.04238329471255,4,-0.59
8.256418573543074,411.75,31.0390841504378,14.427520838313962,5,-0.52
8.46629967360191,411.96,30.451010338119236,14.564410543377212,4,-0.48
8.656192097464682,412.15,30.045405689742722,14.481315584694244,4,-0.49
8.856078859425542,412.35,29.69954777021195,14.183119952047392,4,-0.52
9.095942973778472,412.59,29.26147734005323,13.68084164734226,3,-0.6
9.255852383347149,412.75,28.726976140263446,12.976762522727222,3,-0.64
9.455739145307954,412.95,28.296669956237693,12.168347462234141,3,-0.7
9.655625907268757,413.15,28.2281272557594,11.282824092185347,3,-0.76
9.855512669229617,413.35,27.533317016268985,10.403995662373637,2,-0.82
10.095376783582548,413.59,26.79642642942814,9.579813628898371,2,-0.89
10.245291855053193,413.74,26.48130597849227,8.803601887785465,2,-0.93
10.46516729321006,413.96,26.013879733240678,8.11977285918567,1,-1.0
10.66505405517092,414.16,25.48727924006845,7.508334336031759,1,-1.11
10.864940817131723,414.36,25.46193136782031,6.970715299492917,1,-1.23
11.08481625528859,414.58,25.07863907302591,6.498638847428721,0,-1.35
11.274708679151363,414.77,25.10437395827139,6.105371625581021,0,-1.4
11.454606764916102,414.95,25.052877752335547,5.758819570943909,0,-1.44
11.654493526876907,415.15,25.436558236089233,5.470425360716593,-1,-1.52
11.854380288837767,415.35,25.789510504094807,5.220196991622949,-2,-1.65
12.094244403190697,415.59,25.46193136782031,5.0018690079241654,-2,-1.79
12.254153812759373,415.75,25.613642331175544,4.807729791864554,-2,-1.85
12.464034912818208,415.96,25.258232644556323,4.643331972845717,-1,-1.9
12.66392167477907,416.16,25.258232644556323,4.501008461297754,-1,-1.87
12.853814098641841,416.35,25.411159769210187,4.382871706578829,-1,-1.83
13.09367821299477,416.59,25.588419634431414,4.287355932754185,-1,-1.86
13.25358762256345,416.75,25.71428571428571,4.1984528558503795,-1,-1.93
13.453474384524252,416.95,25.38573589113961,4.1249515230871685,-1,-2.02
13.663355484583144,417.16,25.537899506899343,4.054711462380462,-1,-2.06
13.87323658464198,417.37,25.964187462969928,3.989745577701389,-1,-2.05
14.103106360896934,417.6,26.038690306103014,3.931008330873982,-1,-1.99
14.253021432367524,417.75,25.613642331175544,3.8866088196264132,-1,-1.96
14.452908194328327,417.95,25.30931102360939,3.851290102763591,0,-1.96
14.65279495628913,418.15,24.897750082761963,3.8239553672594515,0,-1.99
14.862676056348022,418.36,24.5582787695402,3.7986984500711722,0,-2.05
15.082551494504889,418.58,24.187366516005657,3.7730389442315557,0,-2.12
15.26244958026963,418.76,24.400006795750137,3.7597436912713476,0,-2.16
15.462336342230433,418.96,24.58455836910807,3.7467421688689906,0,-2.17
15.662223104191293,419.16,24.133913706987652,3.7478500015770604,0,-2.13
15.852115528054066,419.35,23.918907963434812,3.7649167590271695,0,-2.04
16.081985304308965,419.58,23.810677055403836,3.7980303642891102,-1,-1.98
16.251889051975674,419.75,23.620079662552076,3.836659052676219,-1,-1.98
16.451775813936475,419.95,23.729179918232248,3.8856621933858366,-1,-2.03
16.65166257589728,420.15,24.187366516005657,3.946422588977364,-2,-2.09
16.86154367595617,420.36,24.267324970513126,4.0254019338396825,-2,-2.1
17.10140779030916,420.6,24.637033473357683,4.125187434421325,-2,-2.05
17.251322861779748,420.75,25.001275477667217,4.241965185422046,-2,-2.01
17.45120962374055,420.95,26.187060112714803,4.396312621339602,-2,-1.95
17.651096385701354,421.15,26.772318078681987,4.575389920021245,-2,-1.9
17.850983147662216,421.35,27.439346376906226,4.781986509453108,-2,-1.85
18.07085858581908,421.57,27.813324053373396,5.014214617108729,-2,-1.77
18.250756671583822,421.75,27.859718287542403,5.294808391732136,-1,-1.67
18.450643433544627,421.95,27.906035390655006,5.616735306231975,-1,-1.53
18.65053019550543,422.15,27.906035390655006,5.987948215128489,-1,-1.41
18.860411295564322,422.36,27.859718287542403,6.401831112221173,0,-1.27
19.080286733721188,422.58,28.044527732060054,6.850250251556652,0,-1.18
19.26018481948593,422.76,28.27384085211297,7.330852350574286,1,-1.13
19.460071581446734,422.96,28.159417716324477,7.7827969191207,1,-1.07
19.65995834340759,423.16,27.439346376906226,8.212482866441068,2,-1.0
19.849850767270365,423.35,27.06020074363297,8.579756624438392,3,-0.93
20.099709219721383,423.6,26.383588649006786,8.860174085093531,4,-0.89
20.259618629290003,423.76,25.664013357864608,8.973391372535826,4,-0.89
20.449511053152776,423.95,25.38573589113961,8.914187888879583,5,-0.9
20.649397815113577,424.15,24.949566476132176,8.670918786990356,5,-0.96
20.84928457707444,424.35,24.267324970513126,8.289718601631014,4,-1.04
21.079154353329336,424.58,23.945889255671794,7.813752385431593,3,-1.11
21.259052439094077,424.76,23.701951934602434,7.294588484137562,3,-1.17
21.458939201054882,424.96,23.6746926364118,6.765793865168652,3,-1.27
21.648831624917655,425.15,23.31742199230753,6.242701149618242,2,-1.41
21.848718386878513,425.35,22.81350466057241,5.779581874581791,1,-1.57
22.088582501231443,425.59,23.010783851694136,5.370828365787213,1,-1.73
22.25848624889815,425.76,23.094816208714146,5.023240777326849,0,-1.81
22.448378672760924,425.95,23.206386018525507,4.738187844556521,-1,-1.88
22.64826543472173,426.15,23.51047313302681,4.519187043386783,-2,-1.97
22.848152196682587,426.35,23.756376694973273,4.349370716089116,-3,-2.05
23.08801631103552,426.59,24.267324970513126,4.228887404802216,-4,-2.14
23.25792005870223,426.76,24.975434359157227,4.150076197693164,-4,-2.18
23.437818144466966,426.94,25.130082489286966,4.114633455923437,-4,-2.18
23.647699244525803,427.15,25.537899506899343,4.124819785038074,-4,-2.12
23.857580344584694,427.36,25.88947022183627,4.159792980957457,-4,-2.09
24.077455782741563,427.58,26.505679021827813,4.217781144423739,-4,-2.06
24.257353868506303,427.76,26.79642642942814,4.306809198671117,-3,-2.03
24.457240630467105,427.96,26.868621692090066,4.415644961507161,-2,-1.93
24.647133054329878,428.15,27.10788395373161,4.5360850949704865,-1,-1.8
24.84701981629074,428.35,27.13169413307271,4.6736591781782115,0,-1.68
25.08688393064367,428.59,27.25043296791402,4.818107900942806,0,-1.58
25.246793340212346,428.75,27.202999628267285,4.958054484673187,1,-1.55
25.44668010217315,428.95,27.084052842352577,5.074211477469306,2,-1.55
25.646566864133952,429.15,26.675666795407228,5.151376425976311,3,-1.52
25.836459287996725,429.34,26.310062481018587,5.191484241932912,3,-1.46
26.07632340234971,429.58,25.88947022183627,5.192036249729815,4,-1.41
26.256221488114452,429.76,25.20705076289698,5.132534260376718,4,-1.38
26.446113911977225,429.95,24.68939704672053,5.020773806127119,4,-1.33
26.646000673938026,430.15,24.320484563177498,4.877904197539762,3,-1.37
26.845887435898888,430.35,24.080342245347367,4.695673730824886,3,-1.5
27.095745888349906,430.6,23.810677055403836,4.490168251317969,3,-1.77
27.245660959820494,430.75,23.701951934602434,4.279987522960417,3,-1.91
27.4455477217813,430.95,23.6746926364118,4.084832391205983,2,-2.07
27.6454344837421,431.15,23.864853865045976,3.907262538443462,1,-2.17
27.845321245702962,431.35,24.21404867140612,3.758383334530488,1,-2.23
28.085185360055892,431.59,24.267324970513126,3.634501227120929,0,-2.22
28.235100431526536,431.74,24.133913706987652,3.54287607697578,-1,-2.2
28.454975869683405,431.96,24.267324970513126,3.4859953369334757,-1,-2.19
28.654862631644264,432.16,23.999760840645123,3.449736440409991,-2,-2.23
28.85474939360507,432.36,24.107142857142858,3.4400813734134146,-2,-2.28
29.094613507958055,432.6,24.5582787695402,3.454799186709794,-2,-2.34
29.244528579428643,432.75,25.001275477667217,3.4879116317941268,-2,-2.37
29.444415341389448,432.95,25.588419634431414,3.536785201452788,-2,-2.35
29.644302103350253,433.15,26.112980586329872,3.601550396395203,-2,-2.28
29.84418886531111,433.35,26.820513109733522,3.6662485897060777,-2,-2.19
30.08405297966404,433.59,26.79642642942814,3.73001385898525,-2,-2.11
30.25395672733075,433.76,26.627209595005,3.78388627241013,-1,-2.05
30.453843489291554,433.96,26.820513109733522,3.8123519334706906,0,-2.02
30.653730251252416,434.16,26.675666795407228,3.817973575104429,1,-2.06
30.853617013213217,434.36,26.187060112714803,3.7920930098687786,1,-2.07
31.083486789468118,434.59,25.739385071861193,3.7304348805760235,2,-2.07
31.243396199036795,434.75,25.839538699521736,3.634735608740442,2,-2.1
31.443282960997596,434.95,25.86451650979995,3.511807322404185,2,-2.18
31.6431697229584,435.15,25.38573589113961,3.3584264913692463,2,-2.27
31.843056484919263,435.35,24.871801404442756,3.184799668458112,3,-2.35
32.08292059927219,435.59,24.53197101826138,3.0047730137620827,3,-2.48
32.24283000884087,435.75,24.68939704672053,2.8186878591488918,3,-2.6
32.442716770801674,435.95,24.58455836910807,2.64120531497592,2,-2.83
32.65259787086056,436.16,24.479270697419704,2.4751380249768173,3,-3.08
32.852484632821366,436.36,24.293919307228354,2.3182865565843302,2,-3.32
33.08235440907627,436.59,24.347020833551433,2.1738200185628185,2,-3.65
33.252258156742975,436.76,24.053511772118192,2.0409505026343138,2,-3.85
33.45214491870378,436.96,24.053511772118192,1.9167823326197746,3,-3.9
33.65203168066464,437.16,22.841791719994113,1.8094326679335926,3,-3.8
33.85191844262544,437.36,22.18206494224649,1.7173910835754707,3,-3.7
34.07179388078231,437.58,22.065316421377467,1.6417345964705663,1,-3.68
34.231703290350985,437.74,22.442528641771514,1.5817537369586965,0,-3.76
34.451578728507855,437.96,23.06683943744034,1.5366425769818277,-2,-4.01
34.651465490468716,438.16,23.945889255671794,1.5054467594890069,-4,-4.25
34.851352252429514,438.36,25.537899506899343,1.4898967099014624,-7,-4.37
35.081222028684415,438.59,27.012433361740086,1.4932741500963584,-12,-4.47
35.23113710015506,438.74,28.74944542499729,1.5154856887120582,-15,-4.49
35.46100687641002,438.97,31.30836386589346,1.562295450466797,-19,-4.7
35.6409049621747,439.15,32.75970607067064,1.626637877829171,-20,-5.12
35.86078040033162,439.37,34.28152876237748,1.7173305458244266,-21,-5.69
36.08065583848849,439.59,36.31218276759108,1.8329136864469868,-20,-6.13
36.240565248057166,439.75,38.201349612872285,1.9847010371037581,-19,-6.19
36.46044068621409,439.97,41.770258130465436,2.184755635767167,-16,-5.86
36.640338771978776,440.15,44.17450755070099,2.4422316386765894,-13,-5.24
36.87020854823373,440.38,44.98564822160916,2.788472731894196,-10,-4.3
37.09008398639065,440.6,45.11464986734421,3.238590163168986,-5,-3.31
37.26998207215534,440.78,44.58192270004349,3.8591610024449077,-2,-2.65
37.459874496018166,440.97,44.62535371151192,4.725159701031027,2,-1.99
37.64976691988094,441.16,44.02808849508018,6.062523595957519,5,-1.31
37.849653681841744,441.36,42.18558669130721,8.321829080442814,9,-0.63
38.08951779619473,441.6,40.895391374998304,12.833935520990968,13,0.07
38.24942720576335,441.76,40.082026864306904,25.117365834704003,14,0.41
38.44931396772415,441.96,38.85498451201044,,16,0.68
38.64920072968501,442.16,39.185952879331964,,17,0.85
38.84908749164582,442.36,38.218249126909654,,18,0.92
39.0889516059988,442.6,36.63087210013334,,19,0.92
39.24886101556742,442.76,35.026866510594694,,19,0.88
39.448747777528226,442.96,34.31918009581492,,19,0.79
39.64863453948909,443.16,34.05474658995604,,18,0.61
39.84852130144989,443.36,33.014954867422716,,17,0.37
40.088385415802875,443.6,30.830345507010335,,14,-0.02
40.25828916346953,443.77,29.95931552513665,,12,-0.33
40.4481815873323,443.96,29.15093112945598,23.77734918964243,8,-0.71
40.64806834929316,444.16,28.681984763959413,11.732124627923271,5,-1.11
40.84795511125397,444.36,28.182339509062793,7.620100576998968,1,-1.52
41.067830549410836,444.58,28.659462589489834,5.609494439530278,-3,-1.93
41.24772863517557,444.76,29.56880811370837,4.453006706088136,-6,-2.24
41.45760973523446,444.97,30.577978270350716,3.7413062767781784,-9,-2.6
41.63750782099915,445.15,31.758867072915276,3.278132860706976,-12,-2.93
41.83739458296001,445.35,32.56199934003451,2.9838143625676246,-14,-3.25
42.07725869731294,445.59,33.24882996253478,2.8028507718184836,-16,-3.65
42.24716244497965,445.76,33.940787274551056,2.7034148962864855,-16,-3.93
42.44704920694045,445.96,35.155676015722534,2.672017498781434,-16,-4.11
42.64693596890131,446.16,36.38324385858783,2.7022020031830967,-15,-4.14
42.846822730862115,446.36,38.3531771692984,2.786567202517151,-15,-3.99
43.066698169018984,446.58,40.895391374998304,2.9247869187361077,-13,-3.73
43.23660191668569,446.75,42.8537945120573,3.1359757667502586,-12,-3.46
43.43648867864649,446.95,44.58192270004349,3.419491585769691,-10,-3.15
43.646369778705385,447.16,45.499460357867356,3.7940570866961014,-8,-2.72
43.83626220256816,447.35,46.34315632059497,4.280576068337456,-4,-2.21
44.08612065501918,447.6,46.55169115058648,4.9252300657195525,-1,-1.58
44.2460300645878,447.76,46.161664123966304,5.780600296092782,1,-1.19
44.43592248845057,447.95,45.88104350449349,6.961538272026493,3,-0.74
44.63580925041137,448.15,45.55619287411617,8.620600895996585,5,-0.32
44.83569601237223,448.35,45.229009112583064,11.015464401144445,7,0.04
45.0555714505291,448.57,45.0430278982763,14.670827802519193,9,0.37
45.23546953629384,448.75,44.276712794858284,20.098843108040306,10,0.51
45.435356298254646,448.95,42.97417057646015,28.760734275943854,11,0.56
45.64523739831353,449.16,41.05298498928686,,11,0.49
45.84512416027434,449.36,37.94695377787798,,12,0.35
46.08498827462733,449.6,34.860554941313346,,12,0.15
46.24489768419595,449.76,33.654200771847734,,12,0.0
46.43479010805872,449.95,32.66100230287753,,12,-0.25
46.65466554621564,450.17,31.30836386589346,35.77116235539361,10,-0.6
46.83456363198038,450.35,30.19547286651847,24.80987893957166,9,-0.89
47.06443340823528,450.58,29.28353650439239,18.167786810433654,7,-1.26
47.23433715590199,450.75,28.928571428571427,14.098169760964407,6,-1.53
47.42422957976476,450.94,28.478643985718595,11.410746265536895,5,-1.75
47.64410501792169,451.16,28.681984763959413,9.59955323739215,2,-1.99
47.84399177988249,451.36,28.90624138168652,8.357415306466025,1,-2.18
48.063867218039356,451.58,29.15093112945598,7.47353044384684,-1,-2.27
48.243765303804096,451.76,29.612452134677596,6.871324140821753,-2,-2.25
48.4436520657649,451.96,30.53571428571428,6.426641861017801,-3,-2.22
48.633544489627674,452.15,31.184369858462553,6.109792709002953,-5,-2.24
48.85341992778459,452.37,31.779192749922625,5.922060074779168,-6,-2.28
49.09328404213758,452.61,32.122761575314314,5.803953103391611,-7,-2.24
49.2531934517062,452.77,32.18301063401911,5.736602721290755,-7,-2.14
49.443085875568975,452.96,32.363084837575066,5.715464284309041,-4,-1.97
49.64297263752984,453.16,32.975814421097986,5.735113472730958,-4,-1.81
49.842859399490635,453.36,33.519621880629984,5.763640720758901,-5,-1.7
50.082723513843625,453.6,33.84552807104896,5.802092350147836,-5,-1.62
50.23263858531421,453.75,33.73086192077467,5.821882492936315,-4,-1.66
50.43252534727502,453.95,33.50035219126473,5.851900122880872,-2,-1.77
50.64240644733391,454.16,33.3651527550429,5.87231342434374,-3,-1.84
50.842293209294716,454.36,33.44247650360059,5.866745258243835,-2,-1.91
51.0821573236477,454.6,33.788243638331735,5.864692861651903,-2,-1.87
51.24206673321632,454.76,33.38450048224444,5.859260938358964,-3,-1.84
51.461942171373245,454.98,32.52231376850582,5.85228645218158,-2,-1.8
51.641840257137986,455.16,32.363084837575066,5.829226169198483,-1,-1.88
51.84172701909879,455.36,32.9953904480054,5.809372676494924,0,-2.05
52.071596795353685,455.59,34.28152876237748,5.782245872803819,-1,-2.13
52.24150054302039,455.76,35.502946126673336,5.776487910013377,0,-2.19
52.4413873049812,455.96,36.258795555037956,5.7694317487043465,-2,-2.2
52.64127406694206,456.16,36.73648751998648,5.783283201531188,-2,-2.16
52.841160828902865,456.36,36.64849580675801,5.814162992790028,-1,-2.14
53.08102494325585,456.6,36.89434376758606,5.848012772717258,-3,-2.11
53.24093435282447,456.76,36.946812640412084,5.888593897311273,-3,-2.1
53.43082677668724,456.95,37.034095570080794,5.9415109078976895,-2,-2.08
53.640707876746134,457.16,37.759307542941634,5.9996766414191,-1,-2.03
53.83060030060891,457.35,38.26890289218425,6.05845235214378,-2,-1.99
54.07046441496183,457.59,38.521172617093555,6.127163008241611,-1,-1.96
54.23037382453051,457.75,38.58816601138811,6.189787903475292,-1,-1.97
54.450249262687436,457.97,39.136486056061884,6.239385129885676,-1,-1.9
54.65013602464824,458.17,39.366799437586785,6.27403593197446,0,-1.82
54.84002844851101,458.36,39.839641895058875,6.2772712035317495,0,-1.78
55.079892562863996,458.6,39.93677241360807,6.24998607215577,-1,-1.85
55.25979064862868,458.78,40.00139506495814,6.18513587965491,0,-1.87
55.43968873439342,458.96,40.338965565035785,6.084619570262992,0,-1.88
55.63957549635428,459.16,40.753036070697746,5.956268245465559,-1,-1.94
55.83946225831509,459.36,40.895391374998304,5.803440293627882,-1,-1.98
56.07932637266807,459.6,40.78471352287346,5.62307475081385,-1,-2.11
56.229241444138665,459.75,40.753036070697746,5.426675111718037,-1,-2.24
56.449116882295584,459.97,40.37096792275865,5.221313021910287,-3,-2.46
56.63900930615836,460.16,40.81636639028666,5.006710691456187,-4,-2.62
56.83889606811916,460.36,41.06871109022347,4.806687441566856,-4,-2.72
57.06876584437406,460.59,40.81636639028666,4.622159861538197,-5,-2.95
57.23866959204077,460.76,41.288247574280774,4.451798160538816,-5,-3.2
57.43855635400157,460.96,42.10898305684468,4.302517390721324,-6,-3.38
57.63844311596243,461.16,42.33837816102694,4.181306214318917,-7,-3.55
57.838329877923236,461.36,43.13913920829497,4.079563480182982,-7,-3.68
58.08818833037426,461.61,44.39323066157078,4.009934169124551,-7,-3.85
58.238103401844846,461.76,44.971291863106785,3.962013402271836,-6,-3.91
58.437990163805644,461.96,45.979455538671324,3.9403958735896545,-7,-3.96
58.637876925766506,462.16,46.1756503882242,3.952696518851627,-7,-3.98
58.83776368772731,462.36,46.4822834913629,3.9867461481189657,-7,-3.98
59.05763912588418,462.58,48.187492555387344,4.047571110059937,-6,-3.94
59.22754287355089,462.75,49.22161981429357,4.144838883460117,-5,-3.86
59.44741831170781,462.97,48.42809734281224,4.264556918805321,-4,-3.75
59.62731639747249,463.15,48.76030110946522,4.410529250266726,-3,-3.6
59.84719183562942,463.37,49.44413591651301,4.5906754576216136,-3,-3.51
60.08705594998241,463.61,50.746028798079465,4.789801168748499,-2,-3.36
60.22697668335496,463.75,51.15159791626997,5.021260414988021,-1,-3.25
60.44685212151189,463.97,51.3908902135269,5.299942368366492,0,-3.03
60.646738883472686,464.17,51.45367690794253,5.613372803163349,0,-2.81
60.83663130733546,464.36,51.15159791626997,5.966602337082279,1,-2.63
61.07649542168845,464.6,51.08843997402535,6.363010430383985,2,-2.47
61.23640483125707,464.76,50.40129143753589,6.789941384586772,2,-2.37
61.47626894561005,465.0,50.50368116508429,7.272046829517263,2,-2.17
61.63617835517873,465.16,50.84772434857406,7.779960367130673,3,-2.03
61.8260707790415,465.35,50.75875188435136,8.339961426812382,3,-1.93
62.065934893394434,465.59,50.52924617870085,8.950736218595473,4,-1.66
62.22584430296311,465.75,50.42690835986967,9.582843246994175,4,-1.53
62.44571974112004,465.97,49.69165125130813,10.19232341587027,4,-1.4
62.63561216498281,466.16,49.44413591651301,10.721118694042984,4,-1.35
62.83549892694361,466.36,49.05077934224524,11.181221589280417,4,-1.33
63.0753630412966,466.6,48.82647063523921,11.532048985083897,4,-1.32
63.23527245086522,466.76,48.32130978762721,11.715076174043416,4,-1.29
63.43515921282602,466.96,47.68910397307861,11.720248973638462,4,-1.29
63.635045974786884,467.16,47.40390386920487,11.588425144918084,3,-1.31
63.82493839864965,467.35,47.226488319370006,11.281981394344392,3,-1.34
64.06480251300259,467.59,46.49617331193031,10.859814985228759,3,-1.37
64.24470059876732,467.77,46.63484398461506,10.35762834103999,2,-1.42
64.42459868453206,467.95,46.25947917200653,9.808651815844662,2,-1.48
64.62448544649287,468.15,45.74008758457834,9.274160721491302,2,-1.67
64.84436088464979,468.37,44.92819526301759,8.75471886097497,2,-1.82
65.06423632280666,468.59,45.0,8.266216892574937,1,-2.0
65.23414007047337,468.76,45.35731861608241,7.829584658709362,1,-2.11
65.43402683243417,468.96,45.499460357867356,7.44785811146693,0,-2.12
65.63391359439503,469.16,45.47106755612713,7.107643532095458,0,-2.19
65.83380035635584,469.36,45.12896062103241,6.806339501945718,0,-2.25
66.0536757945127,469.58,44.68319606075735,6.547364431081889,0,-2.28
66.23357388027745,469.76,45.100334572721614,6.328186405774834,0,-2.3
66.42346630414022,469.95,45.18615831270926,6.142292418203216,-1,-2.36
66.62335306610102,470.15,45.28608044016012,5.98972533295386,-1,-2.44
66.84322850425794,470.37,45.54201637062242,5.86486336697976,-2,-2.55
67.06310394241481,470.59,46.38493828819867,5.764706872552009,-2,-2.64
67.24300202817955,470.77,47.21281335504122,5.698407727781769,-3,-2.62
67.43289445204232,470.96,47.67556170275784,5.654081313267912,-3,-2.7
67.63278121400317,471.16,47.444751704332,5.641813083455886,-3,-2.72
67.83266797596399,471.36,48.026419706198354,5.659619889873787,-3,-2.78
68.05254341412085,471.58,48.78677968926603,5.705576572136885,-2,-2.8
68.2324414998856,471.76,48.89255060949511,5.790279795483022,-2,-2.75
68.4323282618464,471.96,48.94535035556055,5.9037920021218575,-2,-2.66
68.62222068570917,472.15,49.05077934224524,6.042325189669436,-1,-2.55
68.82210744767002,472.35,49.35263314109171,6.223192721251133,-1,-2.45
69.06197156202296,472.59,49.40494119301949,6.435424497919068,-1,-2.33
69.23187530968967,472.76,49.07710120050794,6.672313661312094,0,-2.24
69.43176207165047,472.96,49.182247761747924,6.9382575217077544,1,-2.13
69.64164317170936,473.17,49.7046442313318,7.224072611982401,1,-2.04
69.83153559557213,473.36,49.182247761747924,7.514981643872607,1,-1.97
70.08139404802316,473.61,49.23473683512982,7.823490380489569,1,-1.94
70.24130345759177,473.77,49.313365690391535,8.115159196708841,1,-1.9
70.43119588145454,473.96,49.14284416528068,8.412026713809285,2,-1.82
70.63108264341541,474.16,49.01127004921148,8.735708414617504,2,-1.7
70.83096940537621,474.36,48.87934176132499,9.069190148193206,2,-1.67
71.06083918163111,474.59,48.36138275356418,9.471125911394106,2,-1.67
71.23074292929782,474.76,48.30794474525079,10.005475400235836,2,-1.63
71.44062402935671,474.97,48.174090387820264,10.71828522982503,3,-1.63
71.62052211512139,475.15,47.82431576689235,11.755284804245093,3,-1.58
71.82040887708226,475.35,47.72970773009195,13.454247422826873,3,-1.56
72.07026732953327,475.6,47.00721150710249,16.26848701318467,4,-1.45
72.22018240100385,475.75,46.92471853068139,21.672417762095655,4,-1.2
72.42006916296467,475.95,47.075845229604035,35.52068800750467,5,-0.68
72.63994460112158,476.17,45.76831349752974,,7,0.02
72.82983702498436,476.36,44.15988749153813,,9,0.47
73.05970680123926,476.59,42.95914201486176,,10,1.09
73.23960488700399,476.77,42.42978894357027,,12,1.6
73.42949731086676,476.96,41.87833142398516,,14,2.14
73.63937841092566,477.17,41.021514701036416,,15,2.56
73.83926517288647,477.37,38.83836205798256,,15,2.74
74.07912928723945,477.61,36.36549160387958,,15,2.73
74.2490330349061,477.78,34.35679016747992,,15,2.58
74.41893678257281,477.95,32.8777594480909,,14,2.34
74.64880655882777,478.18,31.018273498315896,,13,1.98
74.81871030649448,478.35,29.786388738509952,,13,1.68
75.07856309704353,478.61,28.067543351635145,,11,1.2
75.23847250661214,478.77,27.533317016268985,,10,0.89
75.41837059237689,478.95,27.06020074363297,,7,0.53
75.61825735433769,479.15,27.012433361740086,,4,0.12
75.81814411629855,479.35,27.012433361740086,,3,-0.11
76.05800823065148,479.59,26.868621692090066,,0,-0.36
76.22791197831819,479.76,27.06020074363297,14.943932844061548,-3,-0.56
76.41780440218096,479.95,27.10788395373161,9.79067709705953,-5,-0.8
76.61769116414176,480.15,27.580182270638325,7.4042198022672645,-7,-1.09
76.81757792610263,480.35,27.76685230152481,6.041807719852032,-8,-1.36
