report_t_s,t,IAS_kmh,pitch,roll
0.05681300000003375,287.04,30.08835840029312,1,2
0.23681300000004057,287.22,30.19547286651847,1,2
0.4268130000000383,287.41,30.045405689742722,0,3
0.6268130000000269,287.61,29.63425004129856,-1,3
0.8168130000000247,287.8,29.459415181858972,-1,3
1.0568130000000338,288.04,28.816748159530352,1,3
1.2268129999999928,288.21,28.659462589489834,-3,3
1.4268130000000383,288.41,28.74944542499729,-1,3
1.6368130000000178,288.62,29.26147734005323,-2,3
1.8168130000000247,288.8,29.50322102788792,-1,2
2.0668130000000247,289.05,30.152672741722043,1,1
2.226812999999993,289.21,29.87297726053035,-2,1
2.436813000000029,289.42,29.612452134677596,0,1
2.6468130000000087,289.63,29.69954777021195,0,1
2.8468129999999974,289.83,29.459415181858972,1,1
3.0768130000000156,290.06,29.173073883221804,0,1
3.226812999999993,290.21,29.08440172101513,1,0
3.44681300000002,290.43,28.97317989212134,0,0
3.636813000000018,290.62,29.017719779894662,2,0
3.8268130000000156,290.81,29.54696192815216,-1,0
4.066813000000025,291.05,29.721281800028997,1,0
4.236813000000041,291.22,29.612452134677596,2,0
4.436813000000029,291.42,29.67779782385259,-1,1
4.626813000000027,291.61,29.459415181858972,1,1
4.826813000000016,291.81,27.836530835928386,1,1
5.066813000000025,292.05,26.940623487171766,2,1
5.216813000000002,292.2,26.940623487171766,2,1
5.426813000000038,292.41,27.10788395373161,1,1
5.626813000000027,292.61,27.836530835928386,2,1
5.8368130000000065,292.82,29.30557906415968,0,1
6.046812999999986,293.03,30.002391486312543,2,1
6.226812999999993,293.21,30.323510781610512,1,1
6.4168129999999906,293.4,30.472208398701227,1,1
6.636813000000018,293.62,30.49339172305223,1,1
6.826813000000016,293.81,30.344797910088005,0,1
7.066813000000025,294.05,30.302208699050578,0,1
7.216813000000002,294.2,30.152672741722043,-1,1
7.436813000000029,294.42,29.937754302102572,0,1
7.626813000000027,294.61,30.002391486312543,-1,1
7.826813000000016,294.81,29.937754302102572,0,0
8.066813000000025,295.05,29.371607489727428,0,0
8.246813000000031,295.23,29.15093112945598,0,0
8.43681300000003,295.42,28.726976140263446,1,0
8.626813000000027,295.61,28.501309046198887,2,0
8.846812999999997,295.83,27.012433361740086,3,0
9.086813000000006,296.07,25.15576474687263,3,1
9.23681300000004,296.22,24.74164979733319,6,1
9.43681300000003,296.42,24.187366516005657,6,1
9.636813000000018,296.62,23.756376694973273,5,0
9.846812999999997,296.83,23.178543913697073,6,1
10.086813000000006,297.07,22.557324933672106,4,0
10.23681300000004,297.22,22.35604458735571,3,0
10.426813000000038,297.41,22.123767693111756,3,0
10.636813000000018,297.62,21.56208406874797,3,0
10.836813000000006,297.82,21.502105971845868,2,0
11.066813000000025,298.05,21.321159366570427,1,0
11.23681300000004,298.22,21.04682280060342,0,0
11.43681300000003,298.42,21.01611990635682,-1,-1
11.626813000000027,298.61,21.290852088468917,-2,-1
11.836813000000006,298.82,21.532115904065776,-3,-1
12.076813000000016,299.06,21.351423625049605,-4,-1
12.226812999999993,299.21,21.351423625049605,-4,-1
12.43681300000003,299.42,21.532115904065776,-3,-1
12.636813000000018,299.62,21.947946884594458,-4,-1
12.826813000000016,299.81,22.15293549443071,-4,-1
13.066813000000025,300.05,22.413737701577173,-2,-1
13.246813000000031,300.23,22.557324933672106,-3,-1
13.43681300000003,300.42,22.87004379228917,-3,-1
13.636813000000018,300.62,23.178543913697073,-2,0
13.836813000000006,300.82,23.234194759501545,-2,0
14.066813000000025,301.05,23.455477798917467,-1,0
14.246813000000031,301.23,23.31742199230753,0,0
14.43681300000003,301.42,23.37274216968587,0,0
14.626813000000027,301.61,23.482991565325374,0,0
14.826813000000016,301.81,23.31742199230753,0,0
15.066813000000025,302.05,23.15066832464132,1,0
15.23681300000004,302.22,23.206386018525507,2,0
15.43681300000003,302.42,23.234194759501545,1,0
15.636813000000018,302.62,23.094816208714146,1,0
15.846812999999997,302.83,22.87004379228917,2,-1
16.066813000000025,303.05,22.87004379228917,2,-1
16.23681300000004,303.22,23.15066832464132,1,-1
16.43681300000003,303.42,23.06683943744034,1,-2
16.626813000000027,303.61,23.122759130257755,1,-2
16.826813000000016,303.81,22.72843225242474,1,-2
17.046812999999986,304.03,22.841791719994113,0,-2
17.23681300000004,304.22,22.756825058313687,0,-2
17.43681300000003,304.42,22.785182483717936,0,-1
17.64681300000001,304.63,22.756825058313687,0,-1
17.836813000000006,304.82,22.785182483717936,-1,-1
18.076813000000016,305.06,22.70000393329104,-1,0
18.226812999999993,305.21,22.585932839820853,-1,0
18.42681300000004,305.41,23.122759130257755,-1,0
18.636813000000018,305.62,23.06683943744034,-1,1
18.826813000000016,305.81,22.926443492711417,-1,1
19.066813000000025,306.05,23.010783851694136,-1,1
19.24681300000003,306.23,23.06683943744034,-1,1
19.42681300000004,306.41,22.926443492711417,-1,1
19.64681300000001,306.63,23.06683943744034,-1,1
19.836813000000006,306.82,23.178543913697073,0,1
20.076813000000016,307.06,23.234194759501545,0,1
20.23681300000004,307.22,23.15066832464132,0,1
20.42681300000004,307.41,23.206386018525507,0,1
20.64681300000001,307.63,23.345098467322423,0,1
20.836813000000006,307.82,23.37274216968587,0,0
21.076813000000016,308.06,23.482991565325374,0,0
21.226812999999993,308.21,23.647401915367755,1,0
21.42681300000004,308.41,23.729179918232248,0,0
21.64681300000001,308.63,23.647401915367755,0,0
21.836813000000006,308.82,23.565340122774398,0,0
22.076813000000016,309.06,23.400353215544524,0,-1
22.24681300000003,309.23,23.31742199230753,0,-1
22.42681300000004,309.41,23.289712627804455,0,-1
22.636813000000018,309.62,23.178543913697073,0,-1
22.836813000000006,309.82,23.206386018525507,0,-1
23.066813000000025,310.05,23.482991565325374,-1,-1
23.23681300000004,310.22,23.37274216968587,0,0
23.43681300000003,310.42,23.37274216968587,0,0
23.626813000000027,310.61,23.37274216968587,-1,0
23.826813000000016,310.81,23.37274216968587,0,0
24.086813000000006,311.07,23.42793172036058,0,1
24.24681300000003,311.23,23.482991565325374,0,1
24.43681300000003,311.42,23.455477798917467,-1,1
24.636813000000018,311.62,23.37274216968587,0,1
24.826813000000016,311.81,23.482991565325374,0,1
25.076813000000016,312.06,23.537922614802017,0,1
25.226812999999993,312.21,23.59272576841585,0,1
25.43681300000003,312.42,23.620079662552076,-1,0
25.636813000000018,312.62,23.620079662552076,-1,0
25.816813000000025,312.8,23.482991565325374,-1,0
26.076813000000016,313.06,23.59272576841585,-1,0
26.226812999999993,313.21,23.59272576841585,0,0
26.42681300000004,313.41,23.400353215544524,0,0
26.626813000000027,313.61,23.565340122774398,0,0
26.816813000000025,313.8,23.455477798917467,0,0
27.076813000000016,314.06,23.31742199230753,0,0
27.226812999999993,314.21,23.345098467322423,0,0
27.42681300000004,314.41,23.31742199230753,0,1
27.64681300000001,314.63,23.094816208714146,0,1
27.826813000000016,314.81,23.06683943744034,0,1
28.056813000000034,315.04,23.010783851694136,0,1
28.23681300000004,315.22,23.094816208714146,0,1
28.42681300000004,315.41,23.06683943744034,0,1
28.64681300000001,315.63,22.898261006959828,0,2
28.836813000000006,315.82,22.614504556291532,0,2
29.066813000000025,316.05,22.898261006959828,0,1
29.226812999999993,316.21,22.898261006959828,0,1
29.44681300000002,316.43,22.95459137745916,-1,1
29.636813000000018,316.62,22.98270478833497,-1,1
29.836813000000006,316.82,22.898261006959828,-2,1
30.076813000000016,317.06,23.010783851694136,-1,0
30.226812999999993,317.21,23.178543913697073,-2,0
30.43681300000003,317.42,23.31742199230753,-2,0
30.636813000000018,317.62,23.31742199230753,-3,0
30.826813000000016,317.81,23.565340122774398,-3,0
31.066813000000025,318.05,23.701951934602434,-3,0
31.216813000000002,318.2,23.864853865045976,-3,0
31.43681300000003,318.42,23.972840180640475,-2,0
31.636813000000018,318.62,23.972840180640475,-2,0
31.836813000000006,318.82,24.107142857142858,-2,-1
32.076813000000016,319.06,24.080342245347367,-1,0
32.22681299999999,319.21,24.160654893813604,-1,0
32.42681300000004,319.41,24.21404867140612,-1,0
32.62681300000003,319.61,24.053511772118192,-1,0
32.83681300000001,319.82,24.187366516005657,0,0
33.076813000000016,320.06,23.945889255671794,0,0
33.22681299999999,320.21,24.080342245347367,1,-1
33.44681300000002,320.43,23.972840180640475,1,-1
33.63681300000002,320.62,23.891896201047597,1,-1
33.83681300000001,320.82,23.729179918232248,0,-1
34.076813000000016,321.06,23.620079662552076,1,-2
34.24681300000003,321.23,23.537922614802017,1,-1
34.44681300000002,321.43,23.289712627804455,1,-2
34.63681300000002,321.62,23.345098467322423,1,-2
34.83681300000001,321.82,23.234194759501545,1,-2
35.066813000000025,322.05,23.234194759501545,0,-3
35.24681300000003,322.23,23.289712627804455,0,-3
35.43681300000003,322.42,23.42793172036058,0,-3
35.62681300000003,322.61,23.455477798917467,0,-3
35.846813,322.83,23.729179918232248,-1,-3
36.066813000000025,323.05,23.647401915367755,-1,-3
36.23681300000004,323.22,23.864853865045976,-1,-4
36.43681300000003,323.42,23.999760840645123,-2,-4
36.62681300000003,323.61,24.347020833551433,-1,-4
36.83681300000001,323.82,24.76773483335749,-1,-3
37.076813000000016,324.06,25.027089914567306,-1,-2
37.23681300000004,324.22,24.949566476132176,-1,-1
37.42681300000004,324.41,24.74164979733319,-1,0
37.656813,324.64,24.897750082761963,-3,2
37.83681300000001,324.82,25.07863907302591,-4,3
38.056813000000034,325.04,25.789510504094807,-5,3
38.23681300000004,325.22,26.578664049441258,-8,4
38.44681300000002,325.43,28.27384085211297,-11,5
38.64681300000001,325.63,29.50322102788792,-10,5
38.83681300000001,325.82,31.10143255772726,-10,6
39.056813000000034,326.04,32.442796989942345,-10,6
39.23681300000004,326.22,33.20996515677614,-9,6
39.44681300000002,326.43,33.807349234225654,-4,5
39.63681300000002,326.62,34.05474658995604,-2,5
39.83681300000001,326.82,34.45063571286324,-2,4
40.066813000000025,327.05,34.337990280891695,4,4
40.24681300000003,327.23,34.5629140193677,5,3
40.43681300000003,327.42,34.69344612576895,4,3
40.63681300000002,327.62,33.940787274551056,8,3
40.846813,327.83,33.132098777284774,10,1
41.066813000000025,328.05,32.18301063401911,12,1
41.23681300000004,328.22,31.73852837913991,12,1
41.43681300000003,328.42,31.411318316290814,16,1
41.63681300000002,328.62,30.620183919521224,14,1
41.83681300000001,328.82,29.721281800028997,15,1
42.076813000000016,329.06,28.636922701937348,14,1
42.24681300000003,329.23,28.044527732060054,11,1
42.43681300000003,329.42,27.439346376906226,11,0
42.63681300000002,329.62,26.892643710023858,10,0
42.826813000000016,329.81,26.334594013136687,8,-1
43.066813000000025,330.05,25.588419634431414,6,-1
43.22681299999999,330.21,25.563172050943177,3,-1
43.43681300000003,330.42,25.411159769210187,-2,-1
43.63681300000002,330.62,25.46193136782031,-3,0
43.83681300000001,330.82,25.38573589113961,-8,0
44.076813000000016,331.06,25.68916183362715,-8,1
44.23681300000004,331.22,26.334594013136687,-7,1
44.42681300000004,331.41,27.084052842352577,-9,1
44.62681300000003,331.61,27.72030264213269,-13,1
44.83681300000001,331.82,28.704489267040316,-11,2
45.076813000000016,332.06,29.98086124207119,-13,2
45.22681299999999,332.21,30.53571428571428,-13,2
45.42681300000004,332.41,30.997448874620215,-7,2
45.63681300000002,332.62,30.704421173372356,-11,2
45.83681300000001,332.82,30.872206144765517,-8,2
46.066813000000025,333.05,30.893115192976744,-4,1
46.22681299999999,333.21,31.34958621931793,-2,1
46.42681300000004,333.41,31.921110106137654,0,0
46.63681300000002,333.62,32.77941115881075,2,0
46.83681300000001,333.82,32.83845547773624,-2,0
47.066813000000025,334.05,35.137303568156966,5,-1
47.24681300000003,334.23,36.68371781950712,7,-1
47.43681300000003,334.42,37.36391122788001,5,-1
47.656813,334.64,37.068951197156125,4,-1
47.826813000000016,334.81,36.471875521854265,6,-1
48.08681300000001,335.07,35.57562367689427,5,-1
48.23681300000004,335.22,35.026866510594694,4,-2
48.43681300000003,335.42,34.22497409846816,5,-2
48.64681300000001,335.63,33.63500818359056,5,-2
48.846813,335.83,33.014954867422716,4,-2
49.10681299999999,336.09,32.502452811680385,2,-2
49.24681300000003,336.23,32.06239930166786,2,-2
49.45681300000001,336.44,31.616221456456078,2,-2
49.64681300000001,336.63,31.34958621931793,2,-1
49.83681300000001,336.82,31.493439550069425,1,-1
50.096813,337.08,31.411318316290814,1,-1
50.24681300000003,337.23,31.493439550069425,-2,-1
50.44681300000002,337.43,31.59579093964955,0,0
50.64681300000001,337.63,31.96154218074322,-3,0
50.846813,337.83,32.18301063401911,-5,1
51.096813,338.08,32.442796989942345,-4,1
51.25681300000002,338.24,32.975814421097986,-4,1
51.44681300000002,338.43,33.807349234225654,-4,2
51.64681300000001,338.63,34.50682053254553,-6,2
51.83681300000001,338.82,34.93456894170668,-4,1
52.08681300000001,339.07,35.52112945494699,-5,1
52.24681300000003,339.23,35.44834017875267,-3,1
52.43681300000003,339.42,35.68436246438761,-1,1
