report_t_s,t,G_force,GNSS_vz_ms,GNSS_alt,pitch,roll
0.15097908230254722,520.65,1.06,0.05104166666666288,811.94,8,-7
0.38074327543041886,520.88,1.02,0.07499999999998863,811.99,8,-7
0.5505689833944436,521.05,1.0,0.08025000000003502,812.04,9,-8
0.7503639339404485,521.25,0.99,0.0627164502164419,812.07,9,-7
0.9501588844864535,521.45,0.98,0.017045454545495886,812.11,9,-7
1.139964087505056,521.64,0.97,-0.04950000000002319,812.11,9,-6
1.3797180281602166,521.88,0.94,-0.1534615384615563,812.11,9,-5
1.5495437361242412,522.05,0.93,-0.28499999999996817,812.08,8,-3
1.7393489391429573,522.24,0.91,-0.4085000000000605,812.04,7,-2
1.95912338474354,522.46,0.89,-0.59699999999998,811.95,5,0
2.1389388402348537,522.64,0.88,-0.75,811.84,3,1
2.398672275944592,522.9,0.87,-0.9382352941176464,811.67,2,2
2.548518488854039,523.05,0.88,-1.125,811.47,1,3
2.748313439400044,523.25,0.89,-1.3179545454545405,811.24,0,4
2.93811864241876,523.44,0.91,-1.4690909090909372,810.95,-2,4
3.1379135929646513,523.64,0.93,-1.6200000000000045,810.61,-3,4
3.3976470286743896,523.9,0.95,-1.7672222222221876,810.23,-4,3
3.5474932415838367,524.05,0.96,-1.8338888888889073,809.83,-5,3
3.7372984446025526,524.24,0.99,-1.9252236842105503,809.42,-5,2
3.937093395148558,524.44,0.97,-1.9560000000000173,809.02,-4,2
4.136888345694449,524.64,1.03,-1.9470000000000027,808.6,-5,1
4.376642286349609,524.88,1.04,-1.9185737179487319,808.18,-4,0
4.556457741840923,525.06,1.06,-1.8328468899521795,807.78,-4,0
4.746262944859639,525.25,1.06,-1.710681818181797,807.38,-3,0
4.9460578954056444,525.45,1.09,-1.607357142857154,807.02,-2,0
5.145852845951536,525.65,1.1,-1.4562500000000114,806.7,0,0
5.385606786606696,525.89,1.11,-1.2988888888888823,806.41,1,0
5.535452999516143,526.04,1.09,-1.1772222222221558,806.16,2,0
5.755227445116726,526.26,1.09,-0.9844999999999686,805.97,4,1
5.935042900608153,526.44,1.08,-0.853999999999985,805.79,5,1
6.144827598681333,526.65,1.06,-0.716458333333378,805.67,7,1
6.3845815393364935,526.89,1.04,-0.6072222222221626,805.56,8,2
6.534427752245941,527.04,1.03,-0.5155555555555225,805.47,8,2
6.7342227027919455,527.24,1.01,-0.4762679425837746,805.4,9,2
6.934017653337951,527.44,1.0,-0.4370000000000118,805.33,9,2
7.133812603883842,527.64,0.99,-0.4541071428570831,805.27,9,2
7.373566544539003,527.88,0.97,-0.4872916666666356,805.2,8,2
7.553382000030316,528.06,0.94,-0.5565000000000282,805.12,7,1
7.7431872030490325,528.25,0.93,-0.6182499999999891,805.03,6,1
7.942982153595037,528.45,0.92,-0.7072500000000446,804.91,5,1
8.14277710414093,528.65,0.93,-0.818541666666647,804.76,4,0
8.3725412972688,528.88,0.93,-0.9250000000000114,804.59,2,0
8.532377257705535,529.04,0.94,-1.0644444444444616,804.37,1,0
8.752151703306119,529.26,0.97,-1.218999999999994,804.15,0,-1
8.951946653852124,529.46,0.93,-1.380340909090819,803.9,-1,-1
9.141751856870727,529.65,0.94,-1.5379545454545678,803.63,-2,-1
9.371516049998599,529.88,0.89,-1.7900000000000205,803.35,-2,0
9.531352010435334,530.04,0.84,-2.0044444444444594,803.0,-2,1
9.731146960981338,530.24,0.86,-2.357105263157905,802.63,-1,4
9.930941911527343,530.44,0.8,-2.700833333333378,802.19,-2,8
10.150716357127813,530.66,0.74,-3.1689130434781987,801.66,-4,13
10.370490802728396,530.88,0.7,-3.5850000000000364,801.01,-7,19
10.55030625821971,531.06,0.69,-3.9565000000000623,800.28,-9,22
10.740111461238426,531.25,0.69,-4.334000000000003,799.41,-12,24
10.949896159311718,531.46,0.77,-4.715670995671019,798.43,-14,24
11.139701362330321,531.65,0.94,-5.007045454545448,797.33,-18,21
11.369465555458193,531.88,1.17,-5.291764705882315,796.18,-22,12
11.549281010949507,532.06,1.04,-5.578333333333262,795.05,-17,1
11.739086213968223,532.25,0.97,-5.7450000000000045,793.94,-8,-9
11.92889141698694,532.44,1.05,-6.026666666666586,792.82,-12,-18
12.13867611506012,532.65,1.08,-6.285000000000025,791.67,-11,19
12.358450560660701,532.87,1.07,-6.586304347826058,790.5,-12,35
12.528276268624726,533.04,0.96,-6.866666666666674,789.25,-7,43
12.73806096669802,533.25,0.82,-7.250238095238103,787.92,-6,33
12.927866169716737,533.44,0.81,-7.454761904761938,786.47,-5,30
13.137650867789917,533.65,0.96,-7.772291666666604,784.76,-6,23
13.36741506091779,533.88,1.09,-7.893235294117687,782.98,-8,8
13.547230516409103,534.06,1.14,-8.108666666666693,781.25,-11,0
13.72704597190053,534.24,1.16,-8.294666666666672,779.52,-12,-9
13.936830669973823,534.45,1.24,-8.462380952380954,777.83,-10,-27
14.126635872992425,534.64,1.19,-8.507619047619073,776.19,7,-52
14.366389813647586,534.88,1.11,-8.501666666666722,774.64,20,-78
14.536215521611611,535.05,0.94,-8.565408496732061,772.99,31,-86
14.736010472157616,535.25,0.96,-8.469761904761924,771.31,33,-90
14.925815675176333,535.44,0.99,-8.48523809523806,769.55,26,-91
15.135600373249513,535.65,1.19,-8.337253787878865,767.74,9,-40
15.375354313904673,535.89,1.35,-8.521470588235275,765.9,2,-8
15.545180021868697,536.06,1.61,-8.718749999999943,764.11,-2,4
15.734985224887414,536.25,1.65,-8.979999999999961,762.5,-3,8
15.92479042790613,536.44,1.46,-9.273250000000075,760.94,-8,16
16.1445648735066,536.66,0.96,-9.848066666666568,759.38,-5,32
16.36433931910718,536.88,0.76,-10.285133333333363,757.62,-2,48
16.534165027071207,537.05,0.63,-10.9076470588235,755.58,-2,62
