report_t_s,t,pitch,roll,GNSS_alt,GNSS_velD,vario
0.14999999999997726,1017.35,-1,-7,802.17,-0.99,-1.96
0.35999999999989996,1017.56,-2,-7,801.87,-1.16,-2.14
0.6099999999999,1017.81,-3,-6,801.48,-1.5,-2.29
0.75,1017.95,-4,-5,801.11,-1.61,-2.37
0.9599999999999227,1018.16,-4,-4,800.65,-1.88,-2.53
1.1499999999999773,1018.35,-4,-3,800.22,-1.97,-2.68
1.3399999999999181,1018.54,-4,-1,799.75,-2.14,-2.66
1.599999999999909,1018.8,-4,0,799.26,-2.26,-2.56
1.75,1018.95,-4,2,798.77,-2.35,-2.54
1.9599999999999227,1019.16,-4,3,798.3,-2.36,-2.51
2.1499999999999773,1019.35,-4,4,797.82,-2.37,-2.47
2.349999999999909,1019.55,-3,4,797.36,-2.36,-2.41
2.5799999999999272,1019.78,0,4,796.87,-2.38,-2.47
2.740000000000009,1019.94,4,5,796.39,-2.38,-2.44
2.949999999999932,1020.15,9,9,796.01,-2.2,-2.22
3.1399999999999864,1020.34,10,14,795.63,-2.06,-1.99
3.349999999999909,1020.55,9,16,795.32,-1.85,-1.77
3.6299999999999955,1020.83,9,19,795.03,-1.69,-1.63
3.7799999999999727,1020.98,9,21,794.75,-1.55,-1.61
3.949999999999932,1021.15,9,19,794.49,-1.43,-1.58
4.139999999999986,1021.34,9,17,794.26,-1.27,-1.53
4.329999999999927,1021.53,8,17,794.09,-1.1,-1.46
4.589999999999918,1021.79,8,16,793.95,-0.94,-1.39
4.740000000000009,1021.94,8,15,793.81,-0.82,-1.37
4.949999999999932,1022.15,8,15,793.72,-0.68,-1.39
5.139999999999986,1022.34,9,15,793.59,-0.64,-1.45
5.3599999999999,1022.56,9,14,793.47,-0.6,-1.51
5.589999999999918,1022.79,8,12,793.33,-0.6,-1.59
5.740000000000009,1022.94,7,11,793.21,-0.59,-1.65
5.949999999999932,1023.15,6,10,793.06,-0.63,-1.69
6.139999999999986,1023.34,5,8,792.93,-0.64,-1.74
6.349999999999909,1023.55,4,7,792.76,-0.68,-1.79
6.569999999999936,1023.77,3,7,792.6,-0.73,-1.86
6.75,1023.95,2,5,792.38,-0.85,-1.99
6.940000000000055,1024.14,2,1,792.14,-0.98,-2.06
7.139999999999873,1024.34,-5,4,791.79,-1.22,-2.66
7.349999999999909,1024.55,-2,-2,791.43,-1.49,-3.32
7.599999999999909,1024.8,1,-5,790.65,-2.39,-4.88
7.75,1024.95,0,-10,789.57,-3.44,-5.54
7.960000000000036,1025.16,-1,-14,788.3,-4.49,-6.24
8.139999999999873,1025.34,-2,-16,786.88,-5.46,-6.29
8.329999999999927,1025.53,0,-21,785.42,-6.19,-6.36
8.559999999999945,1025.76,4,-25,783.8,-6.93,-6.54
8.730000000000018,1025.93,4,-25,782.19,-7.37,-7.04
8.960000000000036,1026.16,3,-23,780.32,-8.12,-7.38
9.180000000000064,1026.38,-1,-23,778.3,-8.84,-8.22
9.329999999999927,1026.53,0,-20,776.1,-9.63,-8.37
9.559999999999945,1026.76,0,-16,773.76,-10.38,-8.77
9.730000000000018,1026.93,5,-14,771.39,-10.93,-9.19
9.940000000000055,1027.14,-1,-8,768.99,-11.34,-9.61
10.139999999999873,1027.34,1,-6,766.4,-11.94,-10.13
10.329999999999927,1027.53,3,-2,763.64,-12.62,-10.23
10.579999999999927,1027.78,2,-3,760.89,-13.04,-10.28
10.75,1027.95,3,-1,758.2,-13.24,-10.4
10.940000000000055,1028.14,-1,0,755.48,-13.37,-10.53
11.159999999999854,1028.36,-4,-1,752.74,-13.49,-10.55
11.349999999999909,1028.55,-1,-1,750.02,-13.52,-10.51
11.579999999999927,1028.78,-4,-1,747.37,-13.41,-10.16
11.75,1028.95,-6,-2,744.81,-13.2,-10.0
11.950000000000045,1029.15,-12,2,742.32,-12.94,-9.52
12.190000000000055,1029.39,-15,4,739.95,-12.49,-8.94
12.36999999999989,1029.57,-14,5,737.8,-11.81,-8.9
12.599999999999909,1029.8,-13,4,735.65,-11.43,-9.08
12.75,1029.95,-7,2,733.61,-10.97,-9.1
12.940000000000055,1030.14,-3,1,731.58,-10.67,-9.01
13.149999999999864,1030.35,-3,-7,729.61,-10.36,-8.88
13.339999999999918,1030.54,-4,-15,727.66,-10.12,-8.63
13.589999999999918,1030.79,-8,-12,725.76,-9.89,-8.26
13.740000000000009,1030.94,-9,-11,723.98,-9.53,-7.62
13.960000000000036,1031.16,-8,-11,722.45,-8.84,-6.17
14.149999999999864,1031.35,-11,-15,721.19,-7.92,-5.45
14.3599999999999,1031.56,-15,-19,720.07,-7.08,-5.25
14.599999999999909,1031.8,-20,-14,718.92,-6.6,-5.73
14.75,1031.95,-24,-8,717.64,-6.53,-6.14
14.940000000000055,1032.14,-21,5,716.24,-6.68,-7.18
15.149999999999864,1032.35,-23,14,714.59,-7.21,-8.12
15.339999999999918,1032.54,-22,24,712.78,-7.82,-8.41
15.579999999999927,1032.78,-19,23,710.96,-8.23,-8.22
15.730000000000018,1032.93,-16,18,709.17,-8.45,-7.84
15.930000000000064,1033.13,-13,11,707.63,-8.21,-7.08
16.139999999999873,1033.34,-4,5,706.28,-7.72,-6.23
16.34999999999991,1033.55,4,2,705.17,-6.97,-5.36
16.59999999999991,1033.8,9,1,704.23,-6.13,-3.93
16.779999999999973,1033.98,10,1,703.52,-5.15,-2.81
16.960000000000036,1034.16,11,-1,703.14,-3.91,-1.52
17.159999999999854,1034.36,13,-4,703.17,-2.38,-0.21
17.34999999999991,1034.55,15,-7,703.46,-0.94,0.91
17.6099999999999,1034.81,19,-9,704.02,0.52,2.21
17.75999999999999,1034.96,21,-11,704.79,1.81,2.66
17.960000000000036,1035.16,22,-12,705.68,2.85,3.04
18.169999999999845,1035.37,22,-14,706.64,3.61,3.29
18.339999999999918,1035.54,21,-17,707.67,4.22,3.48
18.579999999999927,1035.78,20,-22,708.7,4.55,3.62
18.730000000000018,1035.93,19,-24,709.7,4.69,3.56
18.950000000000045,1036.15,18,-24,710.68,4.74,3.3
19.139999999999873,1036.34,18,-22,711.54,4.57,2.84
19.329999999999927,1036.53,17,-21,712.27,4.17,2.16
19.639999999999873,1036.84,15,-15,712.82,3.57,1.06
19.75,1036.95,14,-12,713.19,2.84,0.71
19.940000000000055,1037.14,12,-9,713.46,2.2,0.18
20.149999999999864,1037.35,10,-4,713.52,1.42,-0.22
20.339999999999918,1037.54,7,-1,713.51,0.84,-0.42
20.589999999999918,1037.79,2,3,713.45,0.42,-0.66
20.74000000000001,1037.94,-2,6,713.32,0.03,-0.83
20.930000000000064,1038.13,-6,8,713.08,-0.43,-1.05
21.139999999999873,1038.34,-11,10,712.79,-0.79,-1.35
21.329999999999927,1038.53,-15,13,712.39,-1.24,-1.76
21.6099999999999,1038.81,-20,14,711.89,-1.7,-2.5
21.74000000000001,1038.94,-21,14,711.26,-2.23,-2.86
21.960000000000036,1039.16,-21,11,710.52,-2.78,-3.22
22.149999999999864,1039.35,-20,8,709.75,-3.18,-3.26
22.339999999999918,1039.54,-19,5,709.04,-3.33,-3.07
22.6099999999999,1039.81,-17,2,708.38,-3.33,-2.8
22.74000000000001,1039.94,-17,0,707.75,-3.26,-2.67
22.950000000000045,1040.15,-14,-4,707.19,-3.11,-2.46
23.139999999999873,1040.34,-11,-6,706.71,-2.85,-2.18
23.34999999999991,1040.55,-8,-10,706.32,-2.55,-1.75
23.6099999999999,1040.81,-4,-14,706.01,-2.2,-1.32
23.74000000000001,1040.94,-1,-16,705.68,-2.0,-1.14
23.950000000000045,1041.15,2,-18,705.4,-1.78,-0.88
24.139999999999873,1041.34,5,-19,705.21,-1.52,-0.66
24.34999999999991,1041.55,6,-21,705.18,-1.09,-0.49
24.59999999999991,1041.8,6,-24,705.21,-0.76,-0.42
24.730000000000018,1041.93,5,-25,705.2,-0.54,-0.4
24.950000000000045,1042.15,5,-27,705.22,-0.34,-0.46
25.139999999999873,1042.34,4,-28,705.21,-0.24,-0.57
25.339999999999918,1042.54,4,-28,705.18,-0.21,-0.72
25.569999999999936,1042.77,3,-27,705.15,-0.22,-0.93
25.730000000000018,1042.93,2,-27,705.06,-0.31,-1.1
25.940000000000055,1043.14,0,-27,704.93,-0.45,-1.33
26.12999999999988,1043.33,-1,-27,704.74,-0.64,-1.6
26.339999999999918,1043.54,-3,-26,704.51,-0.86,-1.87
26.579999999999927,1043.78,-5,-25,704.22,-1.11,-2.08
26.730000000000018,1043.93,-5,-25,703.89,-1.35,-2.16
26.940000000000055,1044.14,-5,-23,703.56,-1.52,-2.24
27.12999999999988,1044.33,-4,-22,703.21,-1.67,-2.26
27.329999999999927,1044.53,-3,-20,702.88,-1.73,-2.22
27.569999999999936,1044.77,-3,-18,702.55,-1.73,-2.21
27.720000000000027,1044.92,-2,-16,702.21,-1.76,-2.15
27.930000000000064,1045.13,-2,-13,701.91,-1.7,-1.99
28.11999999999989,1045.32,-2,-10,701.64,-1.6,-1.89
28.339999999999918,1045.54,-2,-7,701.37,-1.53,-1.78
28.569999999999936,1045.77,-1,-4,701.11,-1.46,-1.56
28.769999999999982,1045.97,-1,-1,700.89,-1.33,-1.36
28.940000000000055,1046.14,-1,1,700.7,-1.21,-1.25
29.12999999999988,1046.33,-1,3,700.53,-1.07,-1.23
29.339999999999918,1046.54,0,6,700.36,-0.96,-1.19
29.579999999999927,1046.78,2,9,700.21,-0.89,-1.13
29.75,1046.95,1,10,700.05,-0.88,-1.16
29.950000000000045,1047.15,2,11,699.91,-0.83,-1.19
