report_t_s,t,IAS_kmh,Glide_ratio_GNSS,pitch
0.12000000000000455,298.27,33.692553149844585,8.115623772895445,-1
0.28000000000002956,298.43,33.76912723304576,8.140909607220905,-1
0.4900000000000091,298.64,33.67338242103797,8.16513925254559,-1
0.7100000000000364,298.86,33.5388804986398,8.186949214983551,0
0.8799999999999955,299.03,33.57736459678315,8.207392231282167,-1
1.1200000000000045,299.27,33.654200771847734,8.2283009748372,0
1.2900000000000205,299.44,33.50035219126473,8.24894934436524,1
1.4800000000000182,299.63,33.132098777284774,8.270543706562393,1
1.6899999999999977,299.84,32.975814421097986,8.293102373252221,1
1.8900000000000432,300.04,32.75970607067064,8.315382439964358,2
2.1200000000000045,300.27,32.60163660284056,8.335751031180344,3
2.2800000000000296,300.43,32.72026029348589,8.355158725178642,3
2.490000000000009,300.64,32.402965425518495,8.372690267593772,2
2.7100000000000364,300.86,31.96154218074322,8.389192132151885,2
2.8799999999999955,301.03,32.08253267840967,8.404224280513196,1
3.1200000000000045,301.27,31.718176643556244,8.418992291870959,1
3.2800000000000296,301.43,31.554890222258344,8.432058013465472,1
3.490000000000009,301.64,31.534419970203082,8.443838763432812,0
3.6899999999999977,301.84,31.900874852055868,8.455177517499344,0
3.8799999999999955,302.03,31.860365788284124,8.465510866179294,0
4.1299999999999955,302.28,31.718176643556244,8.474020106039706,-1
4.2900000000000205,302.44,31.554890222258344,8.4797150903101,-2
4.480000000000018,302.63,31.554890222258344,8.483644307926085,-1
4.680000000000007,302.83,31.534419970203082,8.48926904659576,-2
4.8700000000000045,303.02,31.799505435122217,8.49714405498059,-1
5.110000000000014,303.26,32.26316769624332,8.50853577189552,-1
5.28000000000003,303.43,32.34312610312195,8.525208493670767,-1
5.480000000000018,303.63,32.30317163931715,8.543466309393004,-1
5.680000000000007,303.83,32.442796989942345,8.56558438809456,-1
5.8700000000000045,304.02,32.72026029348589,8.590541972611573,-1
6.1299999999999955,304.28,32.700519561496826,8.61436634587592,0
6.28000000000003,304.43,32.72026029348589,8.640346017122269,1
6.470000000000027,304.62,32.9170164882815,8.670394783140974,1
6.689999999999998,304.84,33.073578686662515,8.703787788447244,0
6.8799999999999955,305.03,33.345793802003186,8.740129603626912,0
7.110000000000014,305.26,33.67338242103797,8.7785686487018,0
7.270000000000039,305.42,33.61580463752983,8.82095825425379,0
7.490000000000009,305.64,33.50035219126473,8.868164459035205,0
7.680000000000007,305.83,33.42316233710157,8.92193732174648,1
7.8799999999999955,306.03,33.38450048224444,8.979854387858236,1
8.120000000000005,306.27,32.8777594480909,9.041648075496603,1
8.270000000000039,306.42,32.81878584106415,9.106307526428411,1
8.470000000000027,306.62,32.68076690517229,9.174559605394847,1
8.689999999999998,306.84,32.48257971119101,9.245212794303331,1
8.879999999999995,307.03,32.14285714285714,9.318534775879893,1
9.120000000000005,307.27,30.809393859665597,9.39451821134918,1
9.270000000000039,307.42,29.67779782385259,9.472463714147885,1
9.490000000000009,307.64,27.743587234765823,9.555227554764263,1
9.680000000000007,307.83,26.60294789557529,9.635891429513885,4
9.870000000000005,308.02,25.86451650979995,9.72057045498666,4
10.110000000000014,308.26,26.334594013136687,9.801673646528075,4
10.270000000000039,308.42,26.772318078681987,9.881679845528831,7
10.480000000000018,308.63,26.359102714591163,9.956670522356339,0
10.680000000000007,308.83,26.91664428928536,10.028119766955424,4
10.890000000000043,309.04,27.556759606310752,10.092795433509862,3
11.129999999999995,309.28,28.2281272557594,10.14988305337665,4
11.28000000000003,309.43,28.839147500774505,10.20316619711703,3
11.5,309.65,29.32760505679498,10.246606903840686,1
11.689999999999998,309.84,29.239401533561118,10.27217686835413,0
11.879999999999995,310.03,29.217309047192956,10.279084193723165,0
12.140000000000043,310.29,29.217309047192956,10.264475312947189,-3
12.300000000000011,310.45,28.928571428571427,10.22575960444448,-1
12.5,310.65,29.017719779894662,10.169846189751794,-2
12.689999999999998,310.84,28.883894071518366,10.093751143563464,-2
12.879999999999995,311.03,28.74944542499729,10.003689948191948,-3
13.120000000000005,311.27,28.546585181247227,9.901161316045783,-1
13.300000000000011,311.45,27.95227574613121,9.78589994965956,1
13.490000000000009,311.64,26.112980586329872,9.653007216442706,-3
13.670000000000016,311.82,24.845825625654065,9.507809113130953,-2
13.879999999999995,312.03,24.5582787695402,9.354019515004248,2
14.120000000000005,312.27,25.664013357864608,9.192896032255318,5
14.300000000000011,312.45,25.839538699521736,9.024234471660451,3
14.490000000000009,312.64,25.739385071861193,8.846011313310617,4
14.680000000000007,312.83,25.38573589113961,8.657673987276928,4
14.890000000000043,313.04,24.923671745256677,8.465216566726651,5
15.110000000000014,313.26,24.026651337416872,8.269022712413372,6
15.29000000000002,313.44,23.37274216968587,8.069665425113559,7
15.480000000000018,313.63,22.72843225242474,7.866208098110236,8
15.680000000000007,313.83,22.006709899761134,7.657578175136246,7
15.890000000000043,314.04,21.077480970970715,7.449906039604508,6
16.120000000000005,314.27,20.233411572879916,7.241937419024201,5
16.29000000000002,314.44,19.584735439747405,7.0359950964330675,4
16.49000000000001,314.64,19.117570585773727,6.829891858633107,3
16.680000000000007,314.83,18.35945302306478,6.629550976210198,1
16.890000000000043,315.04,18.1471978778082,6.433918778182579,2
17.100000000000023,315.25,18.604023593770005,6.245070699683961,1
17.28000000000003,315.43,19.151317426842297,6.063625458845868,-1
17.49000000000001,315.64,19.385900488630956,5.889749394418774,-3
17.689999999999998,315.84,19.683399718793392,5.723638064965832,-5
17.879999999999995,316.03,20.360666988192744,5.565315548191086,-5
18.120000000000005,316.27,20.706587239379665,5.415988884781523,-6
18.29000000000002,316.44,20.95457915957994,5.273736121457195,-6
18.480000000000018,316.63,21.321159366570427,5.142178514699136,-7
18.680000000000007,316.83,22.03603264414621,5.023008721097626,-6
18.879999999999995,317.03,22.442528641771514,4.916571753813151,-6
19.110000000000014,317.26,22.95459137745916,4.821889362370181,-5
19.28000000000003,317.43,23.03882869312197,4.738629381926886,-4
19.5,317.65,22.72843225242474,4.665351363030242,-3
19.689999999999998,317.84,22.64304022008006,4.602227998139285,-1
19.890000000000043,318.04,22.557324933672106,4.546866193531901,-1
20.120000000000005,318.27,22.70000393329104,4.499992209736376,1
20.29000000000002,318.44,22.87004379228917,4.458933897624511,2
20.49000000000001,318.64,22.841791719994113,4.424418423713569,3
20.680000000000007,318.83,22.47128269410465,4.3943266722348,3
20.879999999999995,319.03,22.240209379979003,4.367908937260545,4
21.120000000000005,319.27,22.18206494224649,4.343681855422681,4
21.29000000000002,319.44,22.32714212590147,4.320384950767806,4
21.470000000000027,319.62,22.18206494224649,4.299872501831354,5
21.680000000000007,319.83,21.91850629872727,4.280151779395921,4
21.879999999999995,320.03,21.8299463151527,4.260458719751081,3
22.110000000000014,320.26,21.411823812547865,4.239893185087458,3
22.28000000000003,320.43,21.260501606769033,4.219821918047782,2
22.480000000000018,320.63,21.199670290081475,4.199634371367422,1
22.689999999999998,320.84,21.108094612334515,4.180393969091676,1
22.879999999999995,321.03,21.04682280060342,4.160836198371365,0
23.120000000000005,321.27,21.138663918159487,4.142655602676189,0
23.29000000000002,321.44,21.351423625049605,4.1256379994538745,-1
23.480000000000018,321.63,21.502105971845868,4.109158495829244,-2
23.680000000000007,321.83,21.44196010306018,4.094545588242932,-2
23.890000000000043,322.04,21.56208406874797,4.079882888649209,-2
24.120000000000005,322.27,22.211156187458442,4.066548164100659,-3
24.28000000000003,322.43,22.47128269410465,4.054652995361797,-3
24.480000000000018,322.63,22.585932839820853,4.043849672484878,-2
24.689999999999998,322.84,22.671539967320168,4.033839681068498,-2
24.879999999999995,323.03,22.87004379228917,4.025450832707043,-2
25.120000000000005,323.27,22.926443492711417,4.018264607970209,-2
25.27000000000004,323.42,22.841791719994113,4.012520742762947,-1
25.470000000000027,323.62,22.785182483717936,4.008133761594982,-1
25.689999999999998,323.84,22.671539967320168,4.004184203345507,0
25.879999999999995,324.03,22.557324933672106,4.000621848849355,1
26.140000000000043,324.29,22.72843225242474,3.9974919399170163,1
26.27000000000004,324.42,22.413737701577173,3.993991528860428,1
26.49000000000001,324.64,22.211156187458442,3.991584292247516,1
26.689999999999998,324.84,21.77070618880296,3.988536182482459,2
26.879999999999995,325.03,21.800346374331216,3.98520537739102,1
27.129999999999995,325.28,21.5920106398035,3.9813414885029084,2
27.28000000000003,325.43,21.711304424099403,3.9766230249400936,2
27.470000000000027,325.62,21.62189578993989,3.9715922264913632,2
27.680000000000007,325.83,21.502105971845868,3.965574108404255,2
27.879999999999995,326.03,21.23010773617967,3.958182475743057,1
28.110000000000014,326.26,21.04682280060342,3.9496474837478104,0
28.28000000000003,326.43,21.108094612334515,3.9413733490669136,0
28.480000000000018,326.63,20.861927655665095,3.93165207302072,0
28.670000000000016,326.82,21.108094612334515,3.922197352172637,0
28.860000000000014,327.01,21.321159366570427,3.9122427011795544,0
29.120000000000005,327.27,21.199670290081475,3.902929379205813,-1
29.29000000000002,327.44,21.138663918159487,3.8927072441245736,-2
29.480000000000018,327.63,20.985372091929527,3.882692618057267,-2
29.680000000000007,327.83,20.612821079540346,3.8739053213582113,-1
29.870000000000005,328.02,21.04682280060342,3.8657130062810796,-1
30.129999999999995,328.28,21.077480970970715,3.85884398382036,-2
30.28000000000003,328.43,21.01611990635682,3.8523566068583555,-1
30.49000000000001,328.64,21.23010773617967,3.848268076254426,-2
30.689999999999998,328.84,21.290852088468917,3.84466490685433,-1
30.879999999999995,329.03,21.351423625049605,3.84293314595113,-1
31.129999999999995,329.28,21.290852088468917,3.842740501250915,-1
31.28000000000003,329.43,21.290852088468917,3.8435565822236666,0
31.5,329.65,21.23010773617967,3.845964841905442,0
31.689999999999998,329.84,21.108094612334515,3.8492950997082005,0
31.890000000000043,330.04,21.651739690672734,3.8530463221399827,0
32.120000000000005,330.27,21.68154251233721,3.858108695957757,0
32.27000000000004,330.42,21.5920106398035,3.8637112704217773,0
32.49000000000001,330.64,21.56208406874797,3.8690188067213045,0
32.68000000000001,330.83,21.351423625049605,3.8733847614666104,1
32.89000000000004,331.04,21.411823812547865,3.8778362994087208,0
33.129999999999995,331.28,21.711304424099403,3.8815088865880076,0
33.28000000000003,331.43,21.651739690672734,3.8840961989789804,0
33.49000000000001,331.64,21.741025593967528,3.885251932010914,0
33.68000000000001,331.83,21.8299463151527,3.88635773234655,-2
33.879999999999995,332.03,21.88902611551538,3.8866369955445244,-1
34.129999999999995,332.28,21.62189578993989,3.885640742324667,0
34.28000000000003,332.43,21.77070618880296,3.884676022770196,0
34.48000000000002,332.63,21.947946884594458,3.8837378839552907,-1
34.69,332.84,21.8299463151527,3.883108266523189,-1
34.89000000000004,333.04,21.77070618880296,3.8828396043250173,-1
35.120000000000005,333.27,21.651739690672734,3.8829666614997245,0
35.27000000000004,333.42,21.651739690672734,3.883385598996133,0
35.49000000000001,333.64,21.351423625049605,3.8842103070225478,0
35.68000000000001,333.83,21.56208406874797,3.8860144495318196,0
35.89000000000004,334.04,21.532115904065776,3.8897429781036292,0
36.150000000000034,334.3,21.381645046580466,3.892406991876458,1
36.28000000000003,334.43,21.472054096961873,3.8968338161960907,0
36.48000000000002,334.63,21.77070618880296,3.9050443100896852,0
36.670000000000016,334.82,21.88902611551538,3.9157104227117143,0
36.89000000000004,335.04,21.85950617475339,3.9276361015483254,1
37.120000000000005,335.27,21.800346374331216,3.9407510877651166,0
37.28000000000003,335.43,21.8299463151527,3.9551286491813893,0
37.48000000000002,335.63,21.91850629872727,3.9687538494386274,0
37.670000000000016,335.82,21.9773480322493,3.9838109847600927,0
37.879999999999995,336.03,22.03603264414621,4.000533668430044,0
38.120000000000005,336.27,22.03603264414621,4.017405742523713,-1
38.29000000000002,336.44,22.006709899761134,4.0343883629352755,-1
38.49000000000001,336.64,21.711304424099403,4.052402393798975,0
38.68000000000001,336.83,21.532115904065776,4.071143783325685,0
38.89000000000004,337.04,21.351423625049605,4.091256670708201,0
39.110000000000014,337.26,20.79993070533983,4.1117031376931665,-1
39.29000000000002,337.44,20.830952244882408,4.133736653416802,0
39.48000000000002,337.63,20.985372091929527,4.157115258114957,3
39.670000000000016,337.82,21.23010773617967,4.183086462851974,0
39.879999999999995,338.03,21.502105971845868,4.209713372154382,1
40.10000000000002,338.25,22.065316421377467,4.238145723100411,0
40.27000000000004,338.42,22.298202201715082,4.269886003808951,-1
40.49000000000001,338.64,22.442528641771514,4.302559995441713,-1
40.68000000000001,338.83,22.35604458735571,4.335795100827396,-2
40.89000000000004,339.04,22.269224668742705,4.37098275676748,1
41.110000000000014,339.26,22.298202201715082,4.406454952019255,0
41.28000000000003,339.43,22.269224668742705,4.442781405077237,-1
41.48000000000002,339.63,22.38490973118876,4.478044695505305,-2
41.68000000000001,339.83,22.35604458735571,4.513508869433589,-1
41.89000000000004,340.04,22.5,4.54798124001218,-2
42.110000000000014,340.26,22.614504556291532,4.582892349896305,-1
42.28000000000003,340.43,22.72843225242474,4.617646172428812,-1
42.48000000000002,340.63,22.87004379228917,4.651861388330593,-1
42.69,340.84,22.70000393329104,4.68459748073299,-1
42.89000000000004,341.04,22.785182483717936,4.714776133110864,-1
43.10000000000002,341.25,22.70000393329104,4.7454747768650405,-1
43.29000000000002,341.44,22.64304022008006,4.774984085825525,-1
43.49000000000001,341.64,22.585932839820853,4.797945896367795,-1
43.68000000000001,341.83,22.81350466057241,4.814680393045257,-1
43.870000000000005,342.02,22.72843225242474,4.828901202839521,0
44.120000000000005,342.27,22.72843225242474,4.838443745648227,0
44.29000000000002,342.44,22.72843225242474,4.843016331502151,0
44.49000000000001,342.64,22.52868069997958,4.842113584234905,0
44.69,342.84,22.413737701577173,4.83418944480966,0
44.879999999999995,343.03,22.38490973118876,4.820264825992135,1
45.129999999999995,343.28,21.91850629872727,4.801977085098552,1
45.28000000000003,343.43,22.123767693111756,4.7784533046700535,1
45.49000000000001,343.64,21.85950617475339,4.750785368100135,2
45.68000000000001,343.83,21.88902611551538,4.72014025533507,1
45.879999999999995,344.03,21.85950617475339,4.687397745780544,0
46.129999999999995,344.28,21.56208406874797,4.655459982861482,0
46.28000000000003,344.43,21.5920106398035,4.624658036073754,0
46.48000000000002,344.63,21.651739690672734,4.595808370386862,0
46.69,344.84,21.8299463151527,4.572851993532303,-1
46.879999999999995,345.03,21.947946884594458,4.558310880821845,-1
47.120000000000005,345.27,22.094561386394226,4.552960904771841,-1
47.29000000000002,345.44,22.269224668742705,4.555135787583179,-1
47.47000000000003,345.62,21.91850629872727,4.565993049606463,-1
47.68000000000001,345.83,21.8299463151527,4.586508900232867,-1
47.870000000000005,346.02,21.91850629872727,4.611931762663313,-1
48.110000000000014,346.26,21.91850629872727,4.649885548378951,-1
48.28000000000003,346.43,21.9773480322493,4.69720556710632,-1
48.47000000000003,346.62,22.298202201715082,4.755737382831494,-2
48.69,346.84,22.413737701577173,4.820445750838446,-2
48.879999999999995,347.03,22.47128269410465,4.892179830223749,0
49.120000000000005,347.27,22.557324933672106,4.966997226291164,0
49.27000000000004,347.42,22.785182483717936,5.0388215239302925,0
49.49000000000001,347.64,23.122759130257755,5.1119165862950595,-1
49.68000000000001,347.83,23.15066832464132,5.180817505282431,1
49.879999999999995,348.03,22.18206494224649,5.244596037483542,12
50.120000000000005,348.27,21.711304424099403,5.300319502158984,2
50.29000000000002,348.44,23.010783851694136,5.347332531948518,-2
50.49000000000001,348.64,24.45287794505829,5.387073401638622,-2
50.68000000000001,348.83,25.38573589113961,5.420454854305026,-3
50.879999999999995,349.03,26.236330259969744,5.447112517599622,-2
51.129999999999995,349.28,26.91664428928536,5.466543836299216,-3
51.28000000000003,349.43,28.591789619984777,5.483143445232513,0
51.48000000000002,349.63,29.95931552513665,5.501302401492052,-2
51.69,349.84,30.23821241072161,5.522374826928171,-2
51.879999999999995,350.03,30.216850195119374,5.54553852570361,-4
52.120000000000005,350.27,30.662331474116108,5.57340300571403,-1
52.28000000000003,350.43,31.59579093964955,5.609446172216001,5
52.5,350.65,32.62143717351071,5.651332597682544,6
52.68000000000001,350.83,36.71890604612956,5.70137473505827,9
52.870000000000005,351.02,38.302634853684594,5.758038468417403,8
53.110000000000014,351.26,39.020819599861014,5.819072135463805,6
53.29000000000002,351.44,39.020819599861014,5.883452251521225,3
53.49000000000001,351.64,37.72508976741054,5.948860418642346,6
53.68000000000001,351.83,34.31918009581492,6.011446610603807,9
53.870000000000005,352.02,35.57562367689427,6.067429125588851,7
54.110000000000014,352.26,35.118921509055255,6.115584436372752,8
54.29000000000002,352.44,34.03577986802256,6.155175286221146,10
54.48000000000002,352.63,32.442796989942345,6.185806034371318,10
54.68000000000001,352.83,31.22575590170161,6.205680611970361,10
54.879999999999995,353.03,30.49339172305223,6.220644415436453,11
55.120000000000005,353.27,29.217309047192956,6.219500109752887,10
55.27000000000004,353.42,28.614365059443518,6.205317504973524,8
55.49000000000001,353.64,27.882886456442368,6.176877178661342,5
55.69,353.84,27.345052811528927,6.138574036708912,7
55.879999999999995,354.03,27.486371855068505,6.090227761939726,4
56.120000000000005,354.27,27.906035390655006,6.037659596482934,1
56.29000000000002,354.44,28.20524267376039,5.9865423657828645,0
56.48000000000002,354.63,28.928571428571427,5.934710416302275,-2
56.68000000000001,354.83,29.590638170660306,5.886843571430628,-5
56.89000000000004,355.04,30.472208398701227,5.84467038345932,-8
57.110000000000014,355.26,31.65704293434462,5.810748296825751,-9
57.29000000000002,355.44,32.42288732437288,5.787114847264516,-9
57.48000000000002,355.63,33.46177952194877,5.77580513173133,-10
57.68000000000001,355.83,34.35679016747992,5.777740517789272,-10
57.879999999999995,356.03,35.08212849580137,5.790600464988486,-9
58.110000000000014,356.26,36.436448728139894,5.818688075094049,-9
58.28000000000003,356.43,36.82426897732371,5.85859019099169,-9
58.48000000000002,356.63,37.41572162193047,5.908531360368979,-5
58.69,356.84,37.91290536027466,5.967986225472684,-3
58.89000000000004,357.04,38.302634853684594,6.035563008833296,-1
59.120000000000005,357.27,38.285772587908696,6.107354505802358,1
59.28000000000003,357.43,38.13367666405073,6.181913526843421,2
59.49000000000001,357.64,37.58790716847803,6.259585753655661,3
59.68000000000001,357.83,36.85932302522051,6.33811867823859,4
59.900000000000034,358.05,36.080267658177284,6.415434742152468,5
60.120000000000005,358.27,35.430119493828116,6.492890482070798,8
60.28000000000003,358.43,35.026866510594694,6.5685226776219645,7
60.49000000000001,358.64,34.092648378637115,6.642986343741223,9
60.69,358.84,33.05404896621932,6.714263760838233,8
60.879999999999995,359.03,32.06239930166786,6.782542659345348,7
61.120000000000005,359.27,31.37017708276575,6.849558679017671,7
61.27000000000004,359.42,31.059880859069498,6.912448437023307,6
61.49000000000001,359.64,30.725444401561866,6.971935592224605,5
61.69,359.84,30.42979751050953,7.027338175726435,3
61.879999999999995,360.03,29.95931552513665,7.0763993837966,2
62.120000000000005,360.27,30.152672741722043,7.125796977893884,1
62.30000000000001,360.45,30.23821241072161,7.176224632722836,0
62.49000000000001,360.64,30.641264943649745,7.2250277043414926,-1
62.670000000000016,360.82,31.059880859069498,7.2729337677911765,-2
62.879999999999995,361.03,31.616221456456078,7.321059606220478,-3
63.120000000000005,361.27,32.32315504465516,7.365955624411914,-4
63.29000000000002,361.44,32.581823999003504,7.409810909798655,-4
63.49000000000001,361.64,33.50035219126473,7.4494875307504875,-5
63.68000000000001,361.83,33.9598070503641,7.4878035319839675,-5
63.89000000000004,362.04,34.65620140636257,7.522495903041942,-5
64.11000000000001,362.26,34.98997669887414,7.5518267003439306,-5
64.29000000000002,362.44,35.302311380071274,7.572790151157914,-5
64.48000000000002,362.63,35.66626235545524,7.582767697594632,-5
64.68,362.83,35.302311380071274,7.579577744410834,-2
64.87,363.02,35.648153056315984,7.567239354868455,-1
65.11000000000001,363.26,35.44834017875267,7.5401654120034864,0
65.29000000000002,363.44,35.46655150293308,7.499371133672927,5
65.49000000000001,363.64,35.04529685468013,7.443225264455101,4
65.68,363.83,34.916080150286405,7.3685776120442075,2
65.87,364.02,34.337990280891695,7.281844363708127,3
66.11000000000001,364.26,33.71171297689772,7.185218362042619,6
66.29000000000002,364.44,33.42316233710157,7.076640764977594,6
66.48000000000002,364.63,33.03450769997325,6.956946591325114,6
66.68,364.83,32.975814421097986,6.825468435143657,7
66.88,365.03,32.956226766015874,6.691246631715206,4
67.09000000000003,365.24,32.956226766015874,6.552875525056159,3
67.29000000000002,365.44,32.502452811680385,6.4106917138122785,3
67.48000000000002,365.63,31.921110106137654,6.267610602169775,3
67.68,365.83,31.22575590170161,6.124876094365857,3
67.87,366.02,31.24642836732361,5.984943270825324,2
68.11000000000001,366.26,30.893115192976744,5.845747555872716,0
68.28000000000003,366.43,30.366070115932256,5.711177634459537,0
68.48000000000002,366.63,30.53571428571428,5.582287898014136,-2
68.68,366.83,31.24642836732361,5.458441544037128,-3
68.87,367.02,32.08253267840967,5.341578151677991,-3
69.11000000000001,367.26,32.54216260390166,5.23224134500363,-4
69.28000000000003,367.43,32.79910440850482,5.128574512949764,-2
69.48000000000002,367.63,33.171054815170116,5.033168737990416,-3
69.69,367.84,33.75,4.9438275671178715,-4
69.88,368.03,34.431887066188736,4.8624471307661485,-6
70.12,368.27,35.04529685468013,4.786680545906182,-5
70.27000000000004,368.42,35.66626235545524,4.718727260568953,-4
70.47000000000003,368.62,36.2409823407204,4.659329309362436,-5
70.69,368.84,37.034095570080794,4.606054338216664,-3
70.89000000000004,369.04,37.39845946570745,4.559658989044857,-5
71.12,369.27,37.24274001296722,4.520482424050984,-3
71.28000000000003,369.43,37.22539764182294,4.488513417842624,-4
71.47000000000003,369.62,37.13856431236503,4.4622219810152,0
71.69,369.84,37.312028891498244,4.4410656976636185,-1
71.89000000000004,370.04,37.69084092715256,4.423615346651064,-4
72.11000000000001,370.26,38.218249126909654,4.411301903453448,-4
72.29000000000002,370.44,38.26890289218425,4.402780152916593,8
72.48000000000002,370.63,38.671744549872734,4.397434307417012,-2
72.68,370.83,38.73847754955198,4.398024907194077,-3
72.89000000000004,371.04,38.97114317029974,4.399749143376154,2
73.13,371.28,39.758518532741725,4.405188767344698,4
73.28000000000003,371.43,39.202427949590785,4.41339860745068,3
73.48000000000002,371.63,38.50440605585659,4.424934819554104,7
73.67000000000002,371.82,38.98770901299065,4.4400124324588,8
73.89000000000004,372.04,39.82343044295529,4.45733811135353,3
74.11000000000001,372.26,40.68960718233909,4.476743528751819,1
74.28000000000003,372.43,41.30388410109556,4.499926332984512,3
74.48000000000002,372.63,42.10898305684468,4.525702345474075,1
74.68,372.83,42.778387459948384,4.554476623019301,1
74.87,373.02,43.422608848198806,4.5858574162837025,1
75.13,373.28,43.99874621358371,4.620109006929566,1
75.28000000000003,373.43,44.37868265834167,4.65694257365292,2
75.47000000000003,373.62,44.36412988449298,4.696587356797074,-2
75.68,373.83,45.47106755612713,4.7398692976775525,1
75.88,374.03,46.00753459810598,4.785303784605348,-3
76.11000000000001,374.26,46.41277203705101,4.832140421591283,-1
76.29000000000002,374.44,46.37101514867199,4.881025252400391,-2
76.48000000000002,374.63,46.57942525560891,4.932303919729622,-4
76.68,374.83,46.41277203705101,4.987102290964336,-3
76.87,375.02,46.97972994292543,5.042389965081193,-3
77.11000000000001,375.26,46.77310353489187,5.101031190287536,-1
77.28000000000003,375.43,35.84685218013556,5.159189777058876,-3
77.48000000000002,375.63,25.664013357864608,5.215489595933258,0
77.69,375.84,23.537922614802017,5.271249178550588,0
77.87,376.02,20.706587239379665,5.326219890333296,2
78.12,376.27,14.464285714285714,5.379842390089386,4
78.27000000000004,376.42,27.345052811528927,5.431243308090962,6
78.47000000000003,376.62,39.64466694710574,5.482495508792438,7
78.68,376.83,44.36412988449298,5.532120263457641,8
78.87,377.02,45.923245914309256,5.581098891201189,9
79.11000000000001,377.26,45.88104350449349,5.62871795839317,9
79.29000000000002,377.44,46.1756503882242,5.675320982658612,9
79.48000000000002,377.63,45.866967405526076,5.721095085328211,11
79.68,377.83,45.54201637062242,5.7638451266914155,14
79.87,378.02,45.40000786658208,5.807995706399996,12
80.12,378.27,45.243283693690444,5.849739947644439,9
80.29000000000002,378.44,44.971291863106785,5.890243084250564,7
80.48000000000002,378.63,44.61088140572789,5.929044732434027,7
80.68,378.83,44.63982132535013,5.966671745807503,4
80.87,379.02,44.68319606075735,6.002762256403707,2
81.13,379.28,44.63982132535013,6.037029739743072,2
81.28000000000003,379.43,44.827475403154345,6.069206529237267,1
81.48000000000002,379.63,45.20044642636682,6.100018702144787,0
81.67000000000002,379.82,45.54201637062242,6.129505176968344,0
81.87,380.02,45.993497211174166,6.157931554244185,-1
82.11000000000001,380.26,46.203610215423375,6.185029369152516,-2
82.26000000000005,380.41,46.24551826051551,6.211737469544139,-2
82.48000000000002,380.63,46.46838951900309,6.235960485502563,-2
82.67000000000002,380.82,46.75929597635193,6.257643762718032,-3
82.88,381.03,46.77310353489187,6.278451729909356,-3
83.12,381.27,47.03467701427038,6.2973188217288865,-3
83.27000000000004,381.42,46.96598313065075,6.313991498328194,-4
83.48000000000002,381.63,47.199134428677034,6.32861342901884,-3
83.68,381.83,47.02094626605362,6.341323609530612,-2
83.87,382.02,46.85586344072116,6.352996334301668,-2
84.11000000000001,382.26,46.86964255098541,6.361916402061165,0
84.26000000000005,382.41,46.80070643108905,6.3695455675766945,-2
84.48000000000002,382.63,46.607142857142854,6.376263183935398,0
84.68,382.83,46.55169115058648,6.3813429765125225,0
84.88,383.03,46.49617331193031,6.384708857498442,0
85.11000000000001,383.26,46.51005898442501,6.387108344858438,0
85.27000000000004,383.42,46.42668265388878,6.388520661118874,1
85.48000000000002,383.63,46.56556026787634,6.386592387156013,1
85.67000000000002,383.82,46.51005898442501,6.383466041432971,1
85.89000000000004,384.04,46.28738836258286,6.37815267207632,1
86.13,384.28,46.25947917200653,6.37093909842841,0
86.31,384.46,46.24551826051551,6.361582813054462,1
86.48000000000002,384.63,46.231553133136686,6.352104659820981,1
86.68,384.83,46.25947917200653,6.342375597988619,0
86.87,385.02,46.25947917200653,6.330792863227953,1
87.11000000000001,385.26,46.18963241742829,6.318982124578151,0
87.29000000000002,385.44,45.979455538671324,6.307334626733552,0
87.48000000000002,385.63,46.11967988233417,6.296189079924645,0
87.68,385.83,46.035596530936616,6.285115229170754,0
87.87,386.02,46.0636413684638,6.275090958931864,0
88.11000000000001,386.26,46.09166914189281,6.26687158211176,0
88.28000000000003,386.43,46.37101514867199,6.260162487070401,-1
88.48000000000002,386.63,46.49617331193031,6.254189239273901,-1
88.67000000000002,386.82,46.59328611747072,6.248746977414039,-1
88.87,387.02,46.357087827394146,6.2438347372165115,-1
89.11000000000001,387.26,46.38493828819867,6.239123234140808,-1
89.28000000000003,387.43,46.37101514867199,6.234475246977257,0
89.48000000000002,387.63,46.53781790004726,6.2302383905623016,0
89.68,387.83,46.46838951900309,6.225284745059968,-1
89.89000000000004,388.04,46.231553133136686,6.219531533929672,0
90.10000000000002,388.25,45.93730476843145,6.2141804488201995,0
90.28000000000003,388.43,45.90918275491832,6.209794034611341,-1
90.47000000000003,388.62,45.90918275491832,6.20506671133612,0
90.69,388.84,46.02156770338827,6.199991504128448,1
90.88,389.03,45.95135932123649,6.194850798324393,0
91.10000000000002,389.25,46.02156770338827,6.1914396685471385,1
91.29000000000002,389.44,46.00753459810598,6.188962819142024,1
91.49000000000001,389.64,45.74008758457834,6.187543150528979,0
91.68,389.83,45.979455538671324,6.187658933180935,0
91.87,390.02,45.93730476843145,6.189103228873835,0
92.12,390.27,46.18963241742829,6.191434806412887,1
92.29000000000002,390.44,46.18963241742829,6.194775432532213,0
92.48000000000002,390.63,46.231553133136686,6.199440115756633,1
92.68,390.83,46.32922062449863,6.205521898976449,1
92.88,391.03,46.13367887488068,6.213426887708942,0
93.11000000000001,391.26,46.38493828819867,6.222161670081467,0
93.29000000000002,391.44,46.44058910399964,6.232199891574794,0
93.48000000000002,391.63,46.55169115058648,6.241794301614948,0
93.68,391.83,46.357087827394146,6.251821832594342,1
93.88,392.03,46.41277203705101,6.262291179909725,0
94.11000000000001,392.26,46.357087827394146,6.272978002590394,0
94.28000000000003,392.43,46.57942525560891,6.283844223297968,0
94.48000000000002,392.63,46.39885724973873,6.293356795696285,0
94.67000000000002,392.82,46.51005898442501,6.302604766316762,0
94.87,393.02,46.39885724973873,6.310410711583745,0
95.12,393.27,46.38493828819867,6.316020965786323,0
95.29000000000002,393.44,46.45449139112561,6.319471248916494,0
95.48000000000002,393.63,46.27343587142562,6.321525506457146,0
95.68,393.83,46.0636413684638,6.322317121509728,0
95.87,394.02,46.07765738624394,6.322305091743927,0
96.11000000000001,394.26,46.04962108466058,6.3213118210150725,0
96.31,394.46,46.14767362080395,6.31944945534076,0
96.48000000000002,394.63,46.09166914189281,6.315505407237663,-1
96.67000000000002,394.82,46.231553133136686,6.312664940315237,-1
96.88,395.03,46.217583786048436,6.31008505197464,-1
97.11000000000001,395.26,46.18963241742829,6.307345206275776,0
97.28000000000003,395.43,46.217583786048436,6.3043091293985425,0
97.48000000000002,395.63,46.231553133136686,6.299979536458113,0
97.67000000000002,395.82,45.993497211174166,6.295948135648314,0
97.88,396.03,46.035596530936616,6.2920774258580225,0
98.10000000000002,396.25,46.09166914189281,6.287235207671829,0
98.28000000000003,396.43,45.93730476843145,6.281431665224,1
98.47000000000003,396.62,45.90918275491832,6.275204027147929,0
98.68,396.83,46.02156770338827,6.26740594979481,-1
98.88,397.03,46.02156770338827,6.259445418224759,0
99.12,397.27,45.979455538671324,6.2506355472131485,0
99.27000000000004,397.42,46.161664123966304,6.240338336390946,0
99.47000000000003,397.62,45.96540957666994,6.230589277606816,-1
99.68,397.83,46.02156770338827,6.220108464348075,0
99.87,398.02,46.02156770338827,6.209498755302236,0
100.11000000000001,398.26,46.0636413684638,6.198448638931631,0
100.27000000000004,398.42,46.09166914189281,6.187177183170261,0
100.48000000000002,398.63,46.0636413684638,6.176288224550825,-1
100.67000000000002,398.82,46.0636413684638,6.164395670530903,0
100.87,399.02,46.11967988233417,6.1521885631671,0
101.13,399.28,46.00753459810598,6.140340225049077,0
101.28000000000003,399.43,46.161664123966304,6.127494710153194,-1
101.47000000000003,399.62,46.09166914189281,6.115697164983247,-1
101.69,399.84,46.217583786048436,6.103745492731877,-1
101.87,400.02,46.25947917200653,6.092096568556357,-1
102.12,400.27,46.231553133136686,6.081563997400229,-1
102.28000000000003,400.43,46.217583786048436,6.0706423808772945,-1
102.47000000000003,400.62,46.56556026787634,6.06044974700534,-1
102.69,400.84,46.57942525560891,6.050406515940944,-1
102.88,401.03,46.39885724973873,6.039972581343775,0
103.12,401.27,46.38493828819867,6.030702225438511,0
103.29000000000002,401.44,46.46838951900309,6.020913858767937,0
103.48000000000002,401.63,46.41277203705101,6.0121554437424365,1
103.68,401.83,46.59328611747072,6.0031470252837655,0
103.87,402.02,46.74548433937174,5.994002263936727,0
104.13,402.28,46.63484398461506,5.984803115533687,0
104.28000000000003,402.43,46.74548433937174,5.9751638699955185,-1
104.48000000000002,402.63,46.731668620335135,5.967389816460734,0
104.68,402.83,46.70402492160125,5.959259301422392,0
104.88,403.03,46.85586344072116,5.951088515668456,-1
105.11000000000001,403.26,46.84208027718109,5.942970106028738,0
105.28000000000003,403.43,46.786907018602406,5.9360371748698695,0
105.48000000000002,403.63,46.86964255098541,5.929393512671826,0
105.67000000000002,403.82,46.99347273390036,5.925139326432311,0
105.87,404.02,46.897188625976376,5.9227070745440065,0
106.11000000000001,404.26,46.690196934644845,5.923540291206718,0
106.26000000000005,404.41,46.4822834913629,5.930366823259964,0
106.47000000000003,404.62,46.357087827394146,5.944361873766791,0
106.68,404.83,46.11967988233417,5.968225645904242,0
106.89000000000004,405.04,46.1756503882242,5.9987945495869806,0
107.12,405.27,45.979455538671324,6.0387490345467425,0
107.28000000000003,405.43,45.866967405526076,6.087640511875214,1
107.49000000000001,405.64,45.76831349752974,6.147077058344004,1
107.68,405.83,45.88104350449349,6.219140923006887,1
107.87,406.02,46.09166914189281,6.301215344268085,0
108.11000000000001,406.26,45.83880224020176,6.391942012532889,0
108.26000000000005,406.41,45.796522013919656,6.492603676056117,0
108.48000000000002,406.63,46.1756503882242,6.604261776614602,0
108.68,406.83,46.51005898442501,6.725456539132938,0
108.88,407.03,46.67636485111373,6.855039070357304,0
109.11000000000001,407.26,46.897188625976376,6.991839852236709,0
109.26000000000005,407.41,46.92471853068139,7.137589652764264,-1
109.48000000000002,407.63,46.77310353489187,7.2862796141611295,-1
109.67000000000002,407.82,46.75929597635193,7.435800680009915,-1
109.88,408.03,46.66252866736491,7.586371054374772,-1
110.12,408.27,46.62099547830092,7.730735934554644,-1
110.27000000000004,408.42,46.57942525560891,7.868684571247305,-2
110.49000000000001,408.64,46.55169115058648,7.993918104566919,0
110.68,408.83,46.52394051256113,8.10483335242436,-1
110.88,409.03,46.67636485111373,8.2026851822987,0
111.11000000000001,409.26,46.51005898442501,8.288140033717475,1
111.29000000000002,409.44,46.607142857142854,8.359484545731458,1
111.48000000000002,409.63,46.44058910399964,8.421140537378253,-1
111.67000000000002,409.82,46.24551826051551,8.476595243432744,3
111.87,410.02,46.203610215423375,8.530937685627983,-2
112.11000000000001,410.26,46.035596530936616,8.585293685905095,2
112.28000000000003,410.43,45.90918275491832,8.640027000634406,1
112.48000000000002,410.63,45.71184424283965,8.703873339802662,-14
112.67000000000002,410.82,45.20044642636682,8.7754194816795,3
112.87,411.02,44.34957233532845,8.853240401826554,-1
113.10000000000002,411.25,44.15988749153813,8.933984596131976,2
113.28000000000003,411.43,43.034232339629625,9.00923797730674,2
113.47000000000003,411.62,41.75479625389257,9.06890271383823,4
113.67000000000002,411.82,39.839641895058875,9.095536946957916,4
113.88,412.03,38.15060615507963,9.102369024711205,5
114.10000000000002,412.25,36.2409823407204,9.078302136392013,5
114.28000000000003,412.43,34.35679016747992,9.022556240394234,4
114.47000000000003,412.62,31.22575590170161,8.924845994941084,4
114.67000000000002,412.82,29.217309047192956,8.788505415098987,10
114.88,413.03,27.46286918137778,8.625775626243614,13
115.10000000000002,413.25,25.588419634431414,8.440492005418491,12
115.27000000000004,413.42,23.59272576841585,8.236362583518757,12
115.47000000000003,413.62,21.01611990635682,8.005383851706839,12
115.68,413.83,20.581470763177013,7.759649343337867,10
115.88,414.03,20.518626430934525,7.509355070256903,9
