report_t_s,t,IAS_kmh,Glide_ratio_GNSS,pitch,roll,GNSS_speed_kmh
0.10049197622684712,317.86,36.436448728139894,13.214642517697966,1,-1,46.62
0.28030743171821754,318.04,36.471875521854265,13.392483501762067,2,-1,46.692
0.4701126347368768,318.23,36.205329619506884,13.579611671338478,2,-1,46.728
0.6798973328101139,318.44,36.64849580675801,13.788677764814043,3,-1,46.800000000000004
0.8697025358287731,318.63,37.10377408054884,13.991539784604981,3,-1,46.836
1.1094564764839336,318.87,37.12117327216424,14.1596571840092,3,-1,46.872
1.289271931975304,319.05,36.98175053251238,14.310071270729198,3,0,46.836
1.4690873874666746,319.23,36.507267937287466,14.40461851011163,4,0,46.764
1.6788720855399115,319.44,36.0623662590807,14.496647099059281,4,1,46.512
1.8786670360858597,319.64,36.080267658177284,14.537671264654707,5,1,46.368
2.11842097674102,319.88,35.93680678124662,14.520815914315575,4,2,46.188
2.278256937177813,320.04,36.008608664584415,14.387572744013603,4,2,45.972
2.478051887723761,320.24,36.080267658177284,14.167634824103207,4,2,45.792
2.6678570907424204,320.43,36.151784611720686,13.836642454321812,3,1,45.684
2.8676520412883684,320.63,36.044455969295036,13.455619187911692,3,1,45.684
3.107405981943529,320.87,35.86486114996296,13.039618144557569,2,1,45.54
3.2672419423802648,321.03,35.738607789541746,12.611694040979257,2,1,45.54
3.4770266404535586,321.24,35.882861081409814,12.201454102991606,2,1,45.468
3.676821590999507,321.44,35.81080707078834,11.771161683287737,2,0,45.396
3.876616541545455,321.64,35.82883415829849,11.371778158904842,2,0,45.431999999999995
4.116370482200615,321.88,35.738607789541746,11.010787547013194,1,-1,45.54
4.276206442637408,322.04,35.648153056315984,10.699196521476468,1,-1,45.684
4.466011645656067,322.23,35.86486114996296,10.450645205474638,1,-2,45.792
4.665806596202016,322.43,35.84685218013556,10.27306636042419,0,-3,45.936
4.865601546747964,322.63,35.86486114996296,10.138246538837068,0,-3,46.152
5.105355487403124,322.87,36.205329619506884,10.052699615260394,0,-4,46.368
5.26519144783986,323.03,36.436448728139894,10.000109158898951,0,-4,46.692
5.464986398385865,323.23,37.016655448760424,9.994563193111576,-1,-4,47.016000000000005
5.654791601404525,323.42,36.84180017040316,10.0479535913165,-1,-4,47.304
5.864576299477761,323.63,36.929331299173036,10.176582016332073,0,-4,47.592000000000006
6.1043302401329225,323.87,37.12117327216424,10.36585720594749,0,-3,47.916000000000004
6.274155948097004,324.04,37.068951197156125,10.617695081009815,0,-3,48.168000000000006
6.4739508986429515,324.24,37.36391122788001,10.925955910712014,1,-2,48.384
6.663756101661611,324.43,37.87882633733359,11.286215303744095,1,-2,48.564
6.883530547262137,324.65,38.167528136907585,11.710662087119301,1,-1,48.852000000000004
7.10330499286272,324.87,38.437266674254495,12.165823377358386,2,0,48.96
7.263140953299455,325.03,38.37000981314996,12.675276646154844,2,1,49.14
7.4829153989000385,325.25,37.24274001296722,13.185440424785403,2,2,48.672
7.672720601918698,325.44,35.702453397090636,13.667462803782229,3,2,49.032
7.8725155524646455,325.64,34.674828766700486,14.037376237954366,3,3,48.744
8.092289998065228,325.86,34.130508077563874,14.284540478280439,3,3,48.564
8.272105453556598,326.04,34.431887066188736,14.41673040558526,4,3,48.384
8.471900404102547,326.24,34.20610176502408,14.388714200046792,4,3,48.132
8.671695354648495,326.44,33.71171297689772,14.230823880367574,4,3,47.88
8.861500557667155,326.63,32.9170164882815,13.978347740059029,4,3,47.772
9.111244245849605,326.88,32.502452811680385,13.674181082987213,4,2,47.412
9.271080206286397,327.04,32.402965425518495,13.321520227088028,4,1,47.268
9.470875156832344,327.24,32.34312610312195,12.964891111032019,4,1,47.052
9.670670107378292,327.44,32.89739382395151,12.671861426092377,3,0,47.088
9.860475310396952,327.63,33.24882996253478,12.477427147092502,3,-1,46.728
10.100229251052113,327.87,33.3651527550429,12.400198855513583,3,-1,46.440000000000005
10.260065211488849,328.03,33.073578686662515,12.448158929995161,3,0,46.188
10.479839657089432,328.25,32.77941115881075,12.645385168284099,3,0,46.007999999999996
10.669644860108091,328.44,32.62143717351071,12.958861529244185,3,1,45.612
10.869439810654038,328.64,32.08253267840967,13.377137382272478,4,1,45.144
11.1091937513092,328.88,31.08066365220061,13.898575187734792,4,3,44.676
11.269029711745992,329.04,30.23821241072161,14.505938871872651,5,3,44.1
11.46882466229194,329.24,29.786388738509952,15.20593392869463,5,3,43.524
11.668619612837889,329.44,29.54696192815216,15.864929811090187,5,3,42.696
11.868414563383837,329.64,29.48132624117808,16.389483944427948,4,3,41.976
12.108168504038996,329.88,29.87297726053035,16.646098496143217,4,1,41.436
12.268004464475789,330.04,29.65603192593096,16.45065860873704,4,1,40.68000000000001
12.467799415021737,330.24,29.10659508687026,15.858717898430532,4,1,39.924
12.657604618040397,330.43,27.92916513800802,14.955042729708255,4,1,39.348
12.857399568586345,330.63,27.39224016813104,13.848946553973084,4,0,38.7
13.097153509241506,330.87,27.179251915641046,12.664680523588231,4,0,38.124
13.266979217205588,331.04,26.868621692090066,11.526307925687776,3,-1,37.62
13.456784420224247,331.23,26.748187998899844,10.434026457876378,3,-2,37.152
13.656579370770194,331.43,26.84457817793046,9.479870217152337,2,-2,36.792
13.866364068843431,331.64,27.22672662765656,8.671308420160557,1,-2,36.54
14.086138514444015,331.86,27.439346376906226,7.990127939932672,1,-2,36.324
14.265953969935385,332.04,27.036327602026162,7.456861179322108,0,-2,36.108
14.465748920481333,332.24,27.10788395373161,7.019848101671468,-1,-2,36.18000000000001
14.655554123499993,332.43,27.486371855068505,6.677865243827254,-2,-2,36.216
14.855349074045941,332.63,27.813324053373396,6.426159827041872,-2,-2,36.36
15.10509276222839,332.88,28.433259663676285,6.248162005869507,-3,-2,36.576
15.264928722665182,333.04,28.569196341371534,6.127055816859937,-3,-2,36.648
15.46472367321113,333.24,29.128771543486916,6.091518240801495,-3,-2,37.007999999999996
15.664518623757079,333.44,29.173073883221804,6.1125883768173175,-3,-2,37.116
15.854323826775738,333.63,29.195199843082953,6.185046214811276,-3,-2,37.404
16.0940777674309,333.87,29.217309047192956,6.309977363507863,-2,-2,37.476
16.26390347539498,334.04,29.128771543486916,6.4708527297981675,-2,-2,37.476
16.45370867841364,334.23,28.816748159530352,6.686870410317464,-1,-2,37.548
16.673483124014165,334.45,28.995458388217575,6.952212006726493,0,-3,37.583999999999996
16.863288327032826,334.64,28.928571428571427,7.239084707903212,0,-3,37.548
17.083062772633408,334.86,28.90624138168652,7.561720937623264,1,-3,37.62
17.272867975652066,335.05,28.79433139366433,7.9008080253322435,1,-3,37.476
17.472662926198016,335.25,28.726976140263446,8.174906814612237,1,-3,37.404
17.662468129216673,335.44,27.580182270638325,8.366293041914375,2,-2,37.080000000000005
17.862263079762624,335.64,27.509854449573787,8.460776362816874,3,-2,36.9
18.082037525363205,335.86,27.06020074363297,8.44470761741034,4,-1,36.54
18.261852980854577,336.04,26.408051879713366,8.339446163045904,4,-1,36.18000000000001
18.461647931400524,336.24,25.86451650979995,8.116968047833028,5,-1,35.532
18.65145313441918,336.43,25.563172050943177,7.81377730000377,4,0,35.028000000000006
18.851248084965132,336.63,25.07863907302591,7.472830196990964,4,1,34.488
19.09100202562029,336.87,24.187366516005657,7.090873886455606,4,2,34.019999999999996
19.260827733584374,337.04,23.999760840645123,6.701924755914354,3,3,33.480000000000004
19.450632936603032,337.23,23.647401915367755,6.340436426331379,3,3,33.12
19.650427887148982,337.43,23.565340122774398,6.028769466585766,2,3,32.904
19.85022283769493,337.63,23.620079662552076,5.775014189557725,1,3,32.76
20.08997677835009,337.87,23.701951934602434,5.579281986320313,0,3,32.868
20.249812738786826,338.03,24.053511772118192,5.428639007536131,-1,3,33.048
20.45959743686012,338.24,24.37352821302284,5.346724390753047,-2,3,33.336
20.64940263987878,338.43,24.68939704672053,5.31207875923731,-3,2,33.768
20.849197590424726,338.63,25.63884021462399,5.332407169603156,-4,1,34.272
21.088951531079886,338.87,26.260930668806022,5.4078181733307105,-5,1,34.812
21.248787491516623,339.03,26.675666795407228,5.542947975664697,-5,0,35.532
21.448582442062627,339.23,27.556759606310752,5.75146236470966,-5,-1,36.108
21.668356887663155,339.45,27.998439734224842,6.028819358435192,-5,-2,36.828
21.8681518382091,339.65,28.501309046198887,6.36387956112866,-4,-2,37.368
22.087926283809686,339.87,29.349614519597687,6.770228347308503,-3,-2,37.800000000000004
22.267741739301055,340.05,29.54696192815216,7.2749120201745585,-2,-3,37.943999999999996
22.457546942319716,340.24,29.43748781359425,7.841984663689197,0,-2,37.908
22.657341892865663,340.44,29.128771543486916,8.490320731345271,1,-2,37.728
22.85713684341161,340.64,29.128771543486916,9.194296971518272,3,-2,37.512
23.096890784066773,340.88,28.681984763959413,9.937175987984615,4,-2,37.188
23.256726744503563,341.04,28.2509933002183,10.638791189358438,4,-2,36.75600000000001
23.456521695049513,341.24,27.036327602026162,11.17836983764899,5,-1,36.18000000000001
23.64632689806817,341.43,26.162390243731668,11.481039114185277,6,-1,35.352000000000004
23.866101343668696,341.65,25.63884021462399,11.52430287074396,6,0,34.812
24.10585528432386,341.89,25.052877752335547,11.259506993186823,6,0,34.092000000000006
24.26569124476065,342.05,24.58455836910807,10.697771376294073,6,1,33.588
24.45549644777931,342.24,24.187366516005657,9.97610751395246,5,1,32.868
24.655291398325257,342.44,23.972840180640475,9.166460126673448,4,1,32.544
24.855086348871207,342.64,23.6746926364118,8.350031074384356,4,2,32.04
25.094840289526367,342.88,23.51047313302681,7.584152305885213,3,2,31.752000000000002
25.25467624996316,343.04,23.620079662552076,6.926498229329284,2,2,31.536
25.464460948036397,343.25,23.729179918232248,6.368991486633617,1,2,31.5
25.664255898582343,343.45,23.729179918232248,5.913923017767899,-1,2,31.607999999999997
25.864050849128294,343.65,24.026651337416872,5.540531949094787,-2,2,31.607999999999997
26.103804789783453,343.89,24.347020833551433,5.250965640687483,-3,2,31.86
26.263640750220247,344.05,24.400006795750137,5.031924945203159,-4,1,32.148
26.453445953238905,344.24,25.07863907302591,4.8791023295803,-4,1,32.472
26.653240903784855,344.44,25.964187462969928,4.783048753716058,-5,0,33.012
26.86302560185809,344.65,26.383588649006786,4.739113293104567,-5,0,33.552
27.11276929004054,344.9,26.699862416522382,4.743563366542989,-5,0,34.092000000000006
27.262615502950045,345.05,27.084052842352577,4.786469261154125,-5,-1,34.488
27.46241045349599,345.25,27.13169413307271,4.875016455267054,-4,-1,35.028000000000006
27.652215656514652,345.44,27.39224016813104,5.004348744040999,-4,-1,35.424
27.8520106070606,345.64,27.998439734224842,5.181757082354015,-3,-1,35.892
28.09176454771576,345.88,28.1135180644327,5.397521474011876,-2,0,36.18000000000001
28.27158000320713,346.06,28.34227299945278,5.654709710317077,-1,0,36.324
28.46138520622579,346.25,27.882886456442368,5.934728234701081,0,0,36.504000000000005
28.66118015677174,346.45,27.65033121549416,6.246156017785648,1,0,36.431999999999995
28.860975107317685,346.65,27.62696802482853,6.578146142908545,2,0,36.396
29.100729047972845,346.89,27.368656659524575,6.922778532043922,3,0,36.252
29.26056500840964,347.05,27.202999628267285,7.266043379199787,3,0,36.036
29.460359958955586,347.25,27.06020074363297,7.57970500640155,4,0,35.64
29.660154909501536,347.45,26.651449208213034,7.852325197109238,4,0,35.28
29.849960112520193,347.64,25.989045474851082,8.044829495098833,4,1,34.74
30.099703800702645,347.89,25.739385071861193,8.151252847380421,5,1,34.308
30.259539761139436,348.05,25.258232644556323,8.145288813341498,5,1,33.804
30.449344964158097,348.24,25.130082489286966,8.061329061749154,4,1,33.336
30.649139914704044,348.44,25.283784732673293,7.899030902263513,4,1,33.048
30.84893486524999,348.64,25.258232644556323,7.669251706316183,3,1,32.616
31.088688805905154,348.88,24.53197101826138,7.391322130664295,2,1,32.328
31.2385350188146,349.03,24.426456675381424,7.090384523558419,2,1,32.04
31.448319716887895,349.24,24.107142857142858,6.783522276319486,1,0,31.824
31.64811466743384,349.44,24.320484563177498,6.486561224827669,0,0,31.644
31.84790961797979,349.64,24.37352821302284,6.1957234924490425,0,0,31.5
32.07767381110766,349.87,24.133913706987652,5.931692199798994,-1,0,31.464000000000002
32.237509771544396,350.03,23.864853865045976,5.702546594888967,-1,0,31.607999999999997
32.44729446961769,350.24,24.160654893813604,5.506340676294198,-2,0,31.716
32.64708942016364,350.44,24.37352821302284,5.342393572965145,-2,0,31.752000000000002
32.84688437070959,350.64,24.74164979733319,5.212817186546783,-2,0,31.968000000000004
33.08663831136475,350.88,25.130082489286966,5.112154194938616,-2,1,32.22
33.236484524274196,351.03,25.181420811416352,5.037659619315053,-2,1,32.4
33.46624871740207,351.26,25.512601928122837,4.987765234379306,-2,1,32.652
33.656053920420725,351.45,25.71428571428571,4.952992427754612,-2,1,32.832
33.855848870966675,351.65,25.789510504094807,4.945818362712794,-2,1,33.048
34.07562331656726,351.87,26.112980586329872,4.95821023424832,-2,1,33.264
34.225469529476705,352.02,26.211706762982285,4.993503303018541,-2,1,33.443999999999996
34.44524397507729,352.24,26.334594013136687,5.047455760984905,-1,1,33.588
34.64503892562323,352.44,26.063477261078873,5.100135976903104,-1,1,33.66
34.84483387616918,352.64,26.285508054315198,5.1528609066869215,-1,1,33.624
35.084587816824346,352.88,26.48130597849227,5.221115565118891,0,1,33.66
35.23443402973379,353.03,26.530029673745105,5.2853775148047495,0,1,33.624
35.44421872780708,353.24,26.08824066548774,5.34831120171555,1,1,33.552
35.63402393082574,353.43,25.964187462969928,5.410200960474582,1,1,33.408
35.83381888137169,353.63,25.739385071861193,5.462752495315053,1,1,33.264
36.073572822026854,353.87,26.038690306103014,5.50495125747301,2,1,33.012
36.25338827751822,354.05,25.88947022183627,5.52297486925088,2,1,32.832
36.443193480536884,354.24,25.68916183362715,5.515215132321065,2,1,32.76
36.62300893602825,354.42,25.38573589113961,5.501279946914252,2,1,32.507999999999996
36.86276287668341,354.66,25.258232644556323,5.475493218957105,1,1,32.328
37.08253732228394,354.88,25.027089914567306,5.406504740655604,1,1,32.25600000000001
37.242373282720735,355.04,25.027089914567306,5.334566112858447,1,0,32.076
37.44216823326668,355.24,25.130082489286966,5.247858409348229,1,0,32.04
37.63197343628534,355.43,24.819822661307946,5.150823514043697,1,0,32.04
37.85174788188586,355.65,24.74164979733319,5.050958868029375,0,0,31.968000000000004
38.07152232748645,355.87,25.07863907302591,4.948721062559161,0,1,31.86
38.25133778297782,356.05,24.76773483335749,4.859968384152786,0,1,31.752000000000002
38.451132733523764,356.25,24.76773483335749,4.785292319841471,0,1,31.752000000000002
38.64093793654243,356.44,24.5582787695402,4.715431021168439,0,1,31.680000000000003
38.84073288708837,356.64,24.897750082761963,4.657232249744059,0,1,31.716
39.080486827743535,356.88,25.130082489286966,4.623046349462876,0,1,31.752000000000002
39.24032278818033,357.04,25.15576474687263,4.602366468918203,-1,1,31.86
39.44011773872627,357.24,25.38573589113961,4.600820652672374,0,1,31.788
39.62992294174494,357.43,25.38573589113961,4.622327651243716,0,1,31.752000000000002
39.82971789229088,357.63,25.76445997802367,4.658637965059841,-1,2,31.895999999999997
40.06947183294604,357.87,26.13769709028845,4.707719135764523,-1,2,32.04
40.249287288437415,358.05,26.383588649006786,4.762242206055894,-1,2,32.148
40.44908223898336,358.25,26.359102714591163,4.818324825488051,-1,2,32.22
40.63888744200202,358.44,26.748187998899844,4.891894378303769,-1,2,32.184
40.838682392547966,358.64,27.084052842352577,4.973440412266099,0,2,32.22
41.07843633320313,358.88,26.84457817793046,5.061518686882249,0,2,32.184
41.23827229363992,359.04,27.084052842352577,5.139296791905075,0,2,32.076
41.44805699171316,359.25,26.91664428928536,5.219486016287541,0,2,31.895999999999997
41.64785194225911,359.45,27.084052842352577,5.286324682135875,1,2,31.680000000000003
41.83765714527777,359.64,26.79642642942814,5.349704482492245,1,2,31.464000000000002
42.06742133840564,359.87,26.748187998899844,5.402845436621529,2,2,31.212
42.23724704636972,360.04,27.06020074363297,5.4476284755045095,2,2,31.068000000000005
42.43704199691567,360.24,26.96458136072547,5.488510395988414,1,2,30.96
42.63683694746162,360.44,26.868621692090066,5.5064351010910215,1,2,30.672
42.83663189800757,360.64,26.505679021827813,5.510256065663013,2,2,30.276
43.056406343608145,360.86,26.60294789557529,5.498089686880472,2,2,29.916000000000004
43.23622179909952,361.04,26.310062481018587,5.487965502250781,2,2,29.664
43.426027002118175,361.23,25.86451650979995,5.450868824516311,2,1,29.376
43.6458014477187,361.45,25.939305629307274,5.4057146449317095,2,1,29.16
43.825616903210076,361.63,25.964187462969928,5.340868586346893,2,0,28.907999999999998
44.06537084386523,361.87,25.63884021462399,5.272724785816053,1,0,28.764000000000003
44.23519655182932,362.04,25.76445997802367,5.189845055170398,1,-1,28.656
44.43499150237526,362.24,25.48727924006845,5.0991110916176146,1,-1,28.476000000000003
44.63478645292121,362.44,25.130082489286966,5.004044341357923,1,-1,28.404
44.83458140346716,362.64,24.637033473357683,4.901853361409879,1,-1,28.152
45.07433534412232,362.88,24.610809907146784,4.807466348973968,1,-1,28.188000000000002
45.23417130455911,363.04,24.793792425870286,4.709471162738947,0,-1,28.116
45.43396625510506,363.24,24.74164979733319,4.613115509082961,0,-1,28.188000000000002
45.63376120565101,363.44,24.74164979733319,4.5180462546721545,0,-1,28.188000000000002
45.84354590372425,363.65,24.637033473357683,4.430786286120631,-1,-1,28.188000000000002
46.063320349324826,363.87,24.68939704672053,4.352361443456157,-1,0,28.259999999999998
46.2431358048162,364.05,24.50563502460574,4.285457828585023,-1,1,28.296000000000003
46.432941007834856,364.24,24.400006795750137,4.224598403624832,-1,1,28.296000000000003
46.632735958380806,364.44,24.53197101826138,4.175665988740066,-1,2,28.332
46.87248989903597,364.68,24.975434359157227,4.140256511087994,-1,2,28.368
47.09226434463649,364.9,25.232654680887183,4.099365812206945,-1,2,28.476000000000003
47.232120810018706,365.04,25.15576474687263,4.069059261544098,-1,2,28.368
47.43191576056466,365.24,25.001275477667217,4.059506976977427,-1,3,28.368
47.621720963583314,365.43,24.975434359157227,4.059568508472525,0,3,28.332
47.84149540918384,365.65,24.845825625654065,4.071390770586762,0,3,28.188000000000002
48.06126985478443,365.87,25.181420811416352,4.083827723645033,0,3,28.188000000000002
48.23109556274851,366.04,25.411159769210187,4.105615950389326,0,2,28.044
48.43089051329446,366.24,25.512601928122837,4.130395896863667,0,2,28.008000000000003
48.6306854638404,366.44,25.38573589113961,4.157089865104405,0,2,27.936
48.840470161913636,366.65,25.38573589113961,4.181090649343251,1,2,27.720000000000002
49.070234355041514,366.88,25.63884021462399,4.2111130169646795,1,1,27.540000000000003
49.24006006300559,367.05,25.48727924006845,4.240099594805986,1,1,27.612000000000002
49.42986526602425,367.24,25.15576474687263,4.259075287204797,1,1,27.648
49.6296602165702,367.44,24.897750082761963,4.273739358512654,1,0,27.468
49.83944491464344,367.65,24.663229156965222,4.276143176146145,1,-1,27.36
50.0791988552986,367.89,24.240701457318785,4.280744474422969,1,-2,27.215999999999998
50.23903481573539,368.05,24.267324970513126,4.2765510506607205,1,-2,27.215999999999998
50.43882976628134,368.25,24.187366516005657,4.282381007842522,1,-2,27.288
50.63862471682729,368.45,23.918907963434812,4.2816664506150275,1,-2,27.252000000000002
50.828429919845945,368.64,23.37274216968587,4.281963706482297,0,-3,27.396
51.06818386050111,368.88,23.206386018525507,4.27924872171314,0,-3,27.468
51.24799931599248,369.06,23.400353215544524,4.27077252270583,0,-3,27.612000000000002
51.43780451901114,369.25,23.783542371881904,4.2585360813693365,0,-2,27.720000000000002
51.63759946955708,369.45,23.51047313302681,4.246475716064752,0,-2,27.720000000000002
51.83739442010303,369.65,23.647401915367755,4.239874685009893,0,-2,27.828000000000003
52.077148360758194,369.89,23.620079662552076,4.2217434600370565,0,-1,27.936
52.256963816249566,370.07,23.6746926364118,4.201044396239037,0,0,28.044
52.426789524213646,370.24,23.42793172036058,4.164039827227863,0,0,28.08
52.646563969814174,370.46,23.729179918232248,4.131794155354533,0,0,28.116
52.816389677778254,370.63,23.945889255671794,4.088488288916293,0,1,28.224
53.05614361843341,370.87,24.053511772118192,4.049607073014995,0,1,28.08
53.23595907392478,371.05,23.783542371881904,4.014215664532883,0,1,27.971999999999998
53.43575402447073,371.25,23.972840180640475,3.970353275788157,0,1,27.900000000000002
53.64553872254397,371.46,24.080342245347367,3.9244597836027766,0,1,27.648
53.81536443050805,371.63,24.133913706987652,3.870447328888354,0,1,27.576
54.05511837116321,371.87,24.293919307228354,3.820998168235718,-1,1,27.612000000000002
54.23493382665458,372.05,24.400006795750137,3.7596214345642753,-1,1,27.576
54.434728777200526,372.25,24.5582787695402,3.686873889611419,-1,1,27.648
54.634523727746476,372.45,24.58455836910807,3.5940838780528273,-1,1,27.720000000000002
54.824328930765134,372.64,24.53197101826138,3.4892654694398493,-1,1,27.828000000000003
55.07407261894759,372.89,24.5582787695402,3.3869574163874048,-1,0,27.900000000000002
55.22391883185709,373.04,24.320484563177498,3.2856354898583557,-1,0,27.936
55.42371378240304,373.24,24.637033473357683,3.1997810055721203,-1,0,28.08
55.623508732948984,373.44,24.68939704672053,3.1326305866174073,-1,0,28.152
55.823303683494935,373.64,24.71553723090487,3.0812020676882526,-1,-1,28.656
56.0630576241501,373.88,25.588419634431414,3.027680297295148,-1,-2,29.016000000000002
56.222893584586885,374.04,26.383588649006786,2.988058132651273,-2,-2,29.628000000000004
56.422688535132835,374.24,27.76685230152481,2.963253467574582,-3,-3,30.492000000000004
56.622483485678785,374.44,25.232654680887183,2.959318027586541,-3,-1,31.212
56.84225793127936,374.66,21.711304424099403,2.9787571277469973,0,-2,30.528000000000002
57.06203237687989,374.88,20.041013432153452,3.0221857970766237,0,-1,30.636
57.211878589789336,375.03,19.911715221477646,3.084596455063833,-2,5,31.068000000000005
57.421663287862636,375.24,22.98270478833497,3.168585106369713,-4,10,31.104000000000003
57.62145823840858,375.44,26.334594013136687,3.2578009786874196,-5,12,30.780000000000005
57.81126344142724,375.63,27.72030264213269,3.361895132972622,-5,16,32.652
58.0510173820824,375.87,30.788427954645027,3.501055042383918,-7,17,33.336
58.21085334251914,376.03,33.481071411428026,3.688335331455636,-10,17,34.596
58.43062778811972,376.25,35.338875151011464,3.9223176049990878,-10,15,35.208
58.630422738665665,376.45,34.69344612576895,4.207546349162831,-6,11,35.316
58.830217689211615,376.65,33.596590114875326,4.553387519931758,-3,7,35.388
59.0999408724487,376.92,32.62143717351071,4.963280413525548,-2,4,35.82
59.22980759030357,377.05,32.502452811680385,5.444298792704491,-2,2,35.928000000000004
59.429602540849515,377.25,33.132098777284774,6.001300507437638,-2,-2,35.928000000000004
59.629397491395466,377.45,34.58159162895537,6.641305485355191,-1,-6,36.0
59.829192441941416,377.65,35.118921509055255,7.33397153129252,0,-8,36.216
60.078936130123864,377.9,34.82348895003287,8.04235952583136,0,-10,36.648
60.23877209056066,378.06,34.35679016747992,8.616164506147898,1,-11,36.864000000000004
60.4385670411066,378.26,33.82644403904333,9.05934087733483,2,-12,36.612
60.628372244125266,378.45,32.936627462013,9.310658644874591,3,-13,36.648
60.848146689725844,378.67,32.001923172439085,9.362776678240516,3,-14,36.72
61.07791088285366,378.9,31.575347203481513,9.200006186930015,2,-15,36.72
61.23774684329045,379.06,32.18301063401911,8.962573180783021,1,-15,37.26
61.417562298781824,379.24,33.09309688174393,8.664290557876202,0,-15,37.800000000000004
61.617357249327775,379.44,33.9217568344373,8.397084205471806,-1,-14,38.772
61.83713169492835,379.66,33.9788161797846,8.174244094954375,-3,-13,39.276
62.05690614052888,379.88,34.20610176502408,8.000696666651905,-3,-11,39.996
62.22673184849296,380.05,34.092648378637115,7.912583609265191,-3,-10,40.536
62.42652679903891,380.25,34.22497409846816,7.88376599184435,-3,-8,41.04
62.62632174958486,380.45,33.692553149844585,7.904983518173127,-2,-6,41.544
62.826116700130804,380.65,33.596590114875326,7.965526584384063,-3,-4,42.048
63.06587064078597,380.89,34.60025915616051,8.063986395591161,-3,-2,42.443999999999996
63.22570660122276,381.05,34.730650904422994,8.158778763785476,-3,-1,42.732
63.42550155176871,381.25,34.80494115167311,8.254041279930126,-3,0,42.984
63.61530675478737,381.44,34.37557977247624,8.313719451089792,-3,1,43.164
63.81510170533332,381.64,34.24383603106475,8.357042204875299,-2,2,43.128
64.05485564598848,381.88,33.9598070503641,8.385450349251215,-2,3,43.2
64.23467110147985,382.06,33.596590114875326,8.384536263081733,-1,4,43.092000000000006
64.4344660520258,382.26,33.24882996253478,8.352220438578032,-1,5,42.84
64.63426100257175,382.46,33.46177952194877,8.296947133618701,0,5,42.516000000000005
64.8240662055904,382.65,33.519621880629984,8.2200618328304,0,5,42.480000000000004
65.04384065119099,382.87,33.22940324164607,8.136533702767636,-1,4,42.336
65.22365610668236,383.05,32.9953904480054,8.064279591233117,-1,4,42.300000000000004
65.4234510572283,383.25,32.89739382395151,8.00859424723889,-1,3,42.048
65.62324600777426,383.45,33.481071411428026,8.007041508823665,0,2,42.083999999999996
65.8230409583202,383.65,33.9598070503641,8.029091636779784,0,1,41.904
66.04281540392078,383.87,34.37557977247624,8.072435966976128,0,1,41.976
66.22263085941215,384.05,34.28152876237748,8.138931725781665,-1,1,41.724000000000004
66.4224258099581,384.25,33.3651527550429,8.2248976147083,0,1,41.904
66.62222076050405,384.45,32.89739382395151,8.318185651422999,0,0,41.436
66.81202596352271,384.64,33.03450769997325,8.417967927152088,0,0,41.364000000000004
67.03180040912329,384.86,33.403837003114056,8.519567652036276,0,-1,41.25600000000001
67.21161586461466,385.04,34.149422187121786,8.6087818120128,-1,-1,41.184
67.41141081516061,385.24,34.54422631104323,8.644460522983643,-1,-1,41.184
67.61120576570656,385.44,33.90271571206444,8.606808607547478,-1,-1,40.968
67.81100071625251,385.64,33.57736459678315,8.507800705756067,-1,-1,40.896
68.05075465690767,385.88,33.19051568795901,8.352326206413288,0,0,40.68000000000001
68.22058036487175,386.05,32.77941115881075,8.14695180007337,0,0,40.392
68.4203753154177,386.25,32.77941115881075,7.909326490164651,0,1,40.5
68.62017026596365,386.45,32.48257971119101,7.658349667103998,-1,1,40.32
68.8099754689823,386.64,32.28317586417964,7.414429975456975,-1,1,40.284
69.04972940963746,386.88,32.54216260390166,7.187933094119741,-2,0,40.284
69.20956537007426,387.04,33.28764939194139,6.974505946639978,-2,0,40.608
69.40936032062021,387.24,33.654200771847734,6.809857038716118,-2,0,40.752
69.60915527116616,387.44,33.26824533935001,6.685265203012572,-3,0,41.112
69.8089502217121,387.64,33.073578686662515,6.6132222395388185,-3,0,41.580000000000005
70.04870416236726,387.88,32.79910440850482,6.580311407585473,-3,-1,41.652
70.20854012280405,388.04,32.89739382395151,6.572274011867211,-3,-1,41.976
70.40833507335,388.24,33.558128064355344,6.584881865094594,-2,-2,42.443999999999996
70.62810951895052,388.46,33.71171297689772,6.622946902327878,-4,-2,43.164
70.81791472196919,388.65,33.558128064355344,6.673609337717471,-4,-2,43.668000000000006
71.04767891509707,388.88,33.32642360356241,6.726200479117459,-2,-4,43.56
71.20751487553385,389.04,33.171054815170116,6.796974908848457,-1,-4,43.848
71.4073098260798,389.24,34.22497409846816,6.853341972301468,0,-4,44.352000000000004
71.60710477662575,389.44,35.539303479904255,6.890916619636253,0,-4,44.748
71.8068997271717,389.64,36.64849580675801,6.890454974485937,1,-3,45.072
72.04665366782686,389.88,39.136486056061884,6.857387847371117,-1,-1,45.612
72.20648962826365,390.04,39.790987724378404,6.799468413173467,-1,0,45.612
72.4062845788096,390.24,39.80721238875268,6.728871728537161,0,2,45.612
72.62605902441013,390.46,38.68843859103446,6.613594832999463,-2,3,45.9
72.80587447990149,390.64,38.85498451201044,6.467986954345474,-1,4,45.72
73.04562842055665,390.88,39.317560144473426,6.299602690740741,-1,4,45.75600000000001
73.20546438099345,391.04,39.350393185806304,6.079624636565484,0,5,45.72
73.4052593315394,391.24,39.3995914461362,5.8442268703004006,0,5,46.188
73.60505428208535,391.44,39.448728349179355,5.608147734975649,-3,5,46.548
73.8048492326313,391.64,39.790987724378404,5.373715300087791,-3,4,46.440000000000005
74.04460317328645,391.88,39.415977219955884,5.16002899314175,-3,5,46.512
74.22441862877783,392.06,39.383198854852004,4.979146022135986,-3,5,46.368
74.3942443367419,392.23,40.35496991621695,4.817224983371012,-3,5,46.800000000000004
74.61401878234243,392.45,43.348191297625206,4.706087339139317,-4,4,47.052
74.81381373288838,392.65,45.0430278982763,4.622419280493449,-4,3,47.808
75.03358817848896,392.87,46.607142857142854,4.5768065022821345,-6,2,48.636
75.21340363398033,393.05,47.226488319370006,4.592174323681601,-6,1,48.852000000000004
75.41319858452628,393.25,47.72970773009195,4.659957409504927,-6,0,49.86
75.61299353507223,393.45,47.89177851134359,4.781330744907792,-4,-1,50.292
75.7928089905636,393.63,48.48140291463757,4.966859028397808,-3,-1,51.083999999999996
76.03256293121876,393.87,49.35263314109171,5.21865889983885,0,-2,51.588
76.21237838671013,394.05,48.38807962711478,5.530984331915467,1,-3,52.308
76.41217333725608,394.25,48.547952572478195,5.916267373024371,1,-3,52.776
76.60197854027474,394.44,48.9189576060785,6.367181741010254,1,-4,53.388
76.80177349082068,394.64,49.95086871831445,6.914992665429719,2,-4,53.748
77.04152743147584,394.88,50.55479826436874,7.557312944064847,3,-4,54.108
77.20136339191264,395.04,50.5803374416807,8.253757822704824,4,-4,53.964
77.41114808998587,395.25,48.187492555387344,8.999372607910132,5,-3,54.252
77.60095329300454,395.44,45.866967405526076,9.745304834266516,6,-2,53.712
77.80074824355049,395.64,42.778387459948384,10.459237765749604,7,-1,53.64
78.03051243667835,395.87,40.673734504854956,11.036457636245295,8,1,53.352000000000004
78.21032789216973,396.05,40.895391374998304,11.461086255332443,9,2,52.812
78.40013309518838,396.24,41.03725286186905,11.676679046012689,9,3,52.452000000000005
78.59992804573433,396.44,41.801164725985565,11.656218782056168,7,4,52.164
78.79972299628028,396.64,41.19430377206667,11.392901212165407,6,4,51.408
79.03947693693544,396.88,40.753036070697746,10.949412986183448,6,4,50.976
79.19931289737224,397.04,40.6578556307363,10.427811911073123,5,4,50.616
79.40909759544547,397.25,41.06871109022347,9.855626919273472,4,3,50.436
79.60889254599142,397.45,41.67740082821766,9.268176062481665,2,2,50.112
79.80868749653737,397.65,41.20997594450812,8.692936682604989,2,2,49.788000000000004
80.04844143719252,397.89,41.8474818202228,8.161654870672082,0,0,49.68000000000001
80.20827739762932,398.05,42.44500493435653,7.669314727802544,-1,0,49.572
80.40807234817527,398.25,42.170277096649045,7.242289854925413,-2,-1,49.5
80.60786729872122,398.45,41.47549682324123,6.880281882116496,-2,-2,49.572
80.79767250173988,398.64,41.17862563495379,6.5696689237643895,-3,-4,49.572
81.04741618992233,398.89,41.86290946381426,6.3157235372920395,-3,-5,49.788000000000004
81.20725215035912,399.05,42.83872372048448,6.088733837679933,-3,-6,50.04
81.39705735337778,399.24,43.40773554450912,5.910225105476378,-4,-6,50.436
81.60684205145101,399.45,43.70423991713726,5.7865946186858235,-4,-6,50.580000000000005
81.79664725446968,399.64,44.057411234591136,5.685189910400684,-3,-6,50.940000000000005
82.03640119512484,399.88,44.3350100061441,5.620396262876942,-3,-5,51.264
82.19623715556163,400.04,44.24753538622351,5.590212047853893,-3,-5,51.624
82.41601160116215,400.26,44.34957233532845,5.587366917805138,-3,-3,51.984
82.60581680418082,400.45,44.56743629098515,5.5970752650628235,-2,-2,52.272
82.80561175472675,400.65,44.78424040636963,5.629331534384917,-2,-1,52.488
83.02538620032735,400.87,45.0430278982763,5.679847248995493,-2,0,52.668000000000006
83.20520165581871,401.05,45.243283693690444,5.756121823173277,-2,2,52.848
83.44495559647387,401.29,45.229009112583064,5.841482634983771,-1,3,53.064
83.60479155691061,401.45,45.343079934640336,5.920699198903945,-1,3,53.064
83.79459675992926,401.64,45.32883678054788,6.029975914432571,0,3,53.1
84.03435070058443,401.88,45.52783545283488,6.150850727938119,0,4,53.1
84.19418666102122,402.04,45.58453265469482,6.274634646713155,0,4,53.172
84.39398161156717,402.24,45.61285482745192,6.396855461994703,1,4,53.136
84.59377656211312,402.44,46.035596530936616,6.533547130487228,1,3,53.136
84.8135510077137,402.66,46.13367887488068,6.6674072516747325,1,2,53.028000000000006
85.02333570578693,402.87,46.13367887488068,6.792512871714107,1,1,52.992000000000004
85.20315116127831,403.05,46.07765738624394,6.920982095965394,1,0,52.884
85.42292560687883,403.27,46.34315632059497,7.031687002615563,1,-1,52.884
85.6027410623702,403.45,46.55169115058648,7.135563960742012,1,-2,52.848
85.80253601291615,403.65,46.67636485111373,7.222564758278985,1,-3,52.812
86.04228995357131,403.89,46.690196934644845,7.297424050925347,1,-4,52.848
86.19213616648082,404.04,46.56556026787634,7.362168858488569,1,-5,52.884
86.41191061208134,404.26,46.18963241742829,7.435579437874325,0,-6,52.956
86.58173632004542,404.43,45.93730476843145,7.484916279077843,0,-6,53.136
86.80151076564596,404.65,45.81061975844751,7.5465602149366,0,-7,53.172
87.03127495877382,404.88,45.513650116627375,7.604379696470705,0,-8,53.316
87.19111091921062,405.04,45.35731861608241,7.655935107047637,0,-8,53.424
87.39090586975657,405.24,45.48526617241576,7.72903498326518,0,-7,53.604000000000006
87.59070082030252,405.44,45.499460357867356,7.8097400147497,0,-6,53.64
87.80048551837575,405.65,44.971291863106785,7.877349115176615,0,-5,53.676
88.02025996397633,405.87,44.56743629098515,7.930140791961185,1,-4,53.604000000000006
88.20007541946771,406.05,44.43684609438801,7.976247260637257,1,-2,53.604000000000006
88.39987037001364,406.25,44.32044289222824,7.986640170013711,1,0,53.64
88.58967557303231,406.44,44.02808849508018,7.983516155213905,1,2,53.316
88.78947052357826,406.64,43.7632997277539,7.949666517831596,1,4,53.064
89.02922446423342,406.88,43.74854224976635,7.88782626265945,1,5,53.028000000000006
89.18906042467022,407.04,44.04275230514375,7.804438996365764,1,6,52.776
89.38885537521615,407.24,43.92530475658858,7.696068290254055,1,7,52.416000000000004
89.5886503257621,407.44,43.55624003421745,7.563385796132108,1,7,52.2
89.8084247713627,407.66,43.40773554450912,7.428984366113733,1,6,51.948
90.02819921696322,407.88,43.25872125116176,7.297713794415698,1,6,51.804
90.1980249249273,408.05,43.019224760327695,7.167159958972503,1,5,51.624
90.39781987547325,408.25,43.034232339629625,7.047816569103774,1,5,51.552
90.5976148260192,408.45,43.16906577395344,6.9328701000813755,1,4,51.516000000000005
90.78742002903785,408.64,43.27364577161655,6.823395255818072,0,2,51.408
91.03716371722031,408.89,43.60069274866243,6.732821376492546,0,1,51.480000000000004
91.20698942518439,409.06,43.377973637997144,6.647129101532257,-1,0,51.408
91.38680488067575,409.24,43.422608848198806,6.563249855102153,0,-1,51.443999999999996
91.5865998312217,409.44,43.04923468707494,6.497099091431383,-1,-2,51.624
91.80637427682228,409.66,42.91402475191721,6.436165157896078,-1,-3,51.66
92.02614872242282,409.88,42.65745891424392,6.366023041783101,-1,-3,51.876000000000005
92.20596417791418,410.06,43.06423180813155,6.308782350179548,-1,-4,51.984
92.39576938093285,410.25,43.09421039290261,6.248790420357909,-1,-4,52.308
92.59556433147878,410.45,43.63030273017287,6.21280072833037,-1,-4,52.452000000000005
92.79535928202473,410.65,43.895893769188916,6.19131181161852,-1,-4,52.668000000000006
93.0351132226799,410.89,44.203733162598425,6.1837241537624905,-1,-3,53.1
93.19494918311669,411.05,44.3350100061441,6.190058797515581,-1,-3,53.28
93.38475438613536,411.24,44.40777389886889,6.222845202401155,-2,-3,53.568000000000005
93.59453908420859,411.45,44.43684609438801,6.2636889571464645,-1,-2,53.532
93.79433403475454,411.65,44.15988749153813,6.323341134482257,-1,-1,53.712
94.03408797540969,411.89,44.101358787896494,6.418356895565424,1,-1,53.928000000000004
94.1839341883192,412.04,44.29129429131643,6.52955532935425,0,0,54.108
94.38372913886515,412.24,44.87066874100837,6.674132327138887,0,0,54.072
94.5835240894111,412.44,45.01434720266009,6.817025910086115,0,1,54.072
94.78331903995705,412.64,45.300337037535215,6.969311366308062,0,1,54.108
95.0230729806122,412.88,45.12896062103241,7.123499707196293,1,1,54.072
95.20288843610358,413.06,44.87066874100837,7.2857844831029945,0,1,54.144
95.37271414406766,413.23,44.596404403430164,7.431479879668841,1,1,53.964
95.59248858966818,413.45,44.49493349970148,7.59146757692806,1,1,53.784
95.79228354021413,413.65,44.14526259049405,7.736283892150851,1,1,53.712
96.03203748086929,413.89,43.82227994282993,7.866271397932388,2,1,53.46
96.19187344130609,414.05,43.74854224976635,7.965226271100926,2,1,53.208
96.39166839185204,414.25,43.54141237760592,8.041846045040351,2,1,53.136
96.59146334239799,414.45,43.68946248986203,8.101083600824504,2,1,52.92
96.78126854541664,414.64,43.511741905759976,8.138575939020262,2,0,52.776
97.0210224860718,414.88,43.54141237760592,8.160825703763711,2,0,52.632
97.1808584465086,415.04,43.7632997277539,8.159936004143725,1,0,52.56
97.38065339705454,415.24,43.71901234950678,8.152762978245983,1,0,52.38
97.5804483476005,415.44,43.645100187858006,8.124301994898705,1,-1,52.416000000000004
97.80022279320107,415.66,43.9106017252958,8.087725605081108,1,-1,52.38
98.0199972388016,415.88,43.68946248986203,8.035277533631515,1,-2,52.308
98.19981269429297,416.06,43.57106264483343,8.002914171315817,1,-2,52.308
98.38961789731162,416.25,43.6598926303054,7.958230111117731,0,-2,52.344
98.58941284785757,416.45,43.98406773237002,7.933963333124311,0,-3,52.38
98.78920779840352,416.65,43.99874621358371,7.950217380222346,0,-3,52.344
99.02896173905869,416.89,43.96938435097859,8.026285750508594,0,-3,52.452000000000005
99.18879769949548,417.05,43.9546960644986,8.189784838917408,0,-3,52.488
99.38859265004143,417.25,43.68946248986203,8.482064894694526,0,-3,52.524
99.57839785306008,417.44,43.792799764624434,8.943907346518193,0,-3,52.488
99.77819280360603,417.64,43.7632997277539,9.67227120951218,0,-3,52.56
100.02793649178848,417.89,43.73377979203214,10.797275641025852,1,-1,52.452000000000005
100.18777245222527,418.05,43.80754233355396,12.567918369940077,1,0,52.524
100.37757765524394,418.24,43.80754233355396,15.654560444329165,1,1,52.668000000000006
100.58736235331718,418.45,43.80754233355396,21.76439287257396,0,2,52.128
100.78715730386313,418.65,42.83872372048448,37.533215654415756,2,8,51.624
101.02691124451827,418.89,41.93996255582106,,5,8,50.832
101.18674720495507,419.05,41.25695674176461,,7,8,49.716
101.38654215550102,419.25,40.194639644142214,,8,8,48.24
101.58633710604697,419.45,38.403652967191675,,9,8,46.476
101.78613205659292,419.65,36.71890604612956,,10,7,44.532
102.02588599724808,419.89,34.54422631104323,,10,6,42.516000000000005
102.18572195768488,420.05,35.155676015722534,,10,6,40.536
102.37552716070353,420.24,35.320597996879144,,9,5,38.772
102.59530160630405,420.46,34.971517200517944,,8,5,37.368
102.77511706179543,420.64,33.99781468067065,,8,4,35.856
103.01487100245059,420.88,32.700519561496826,,7,4,34.632
103.17470696288738,421.04,31.63663877951174,,6,4,33.66
