report_t_s,t,IAS_kmh,pitch,roll,Glide_ratio_GNSS
0.12810799999999745,513.05,30.002391486312543,-4,4,5.337959835899499
0.2781080000000884,513.2,30.620183919521224,-5,4,5.325996285990044
0.498108000000002,513.42,31.018273498315896,-5,3,5.37212200100802
0.6981080000000475,513.62,31.20506974116578,-6,2,5.456192932329547
0.8981080000000929,513.82,31.81980515339464,-6,2,5.5658169897474945
1.1281079999999974,514.05,32.10265342838279,-5,1,5.707869326602192
1.2881080000000793,514.21,32.223114089619784,-4,1,5.882135614398985
1.498108000000002,514.42,32.32315504465516,-3,0,6.085496183871346
1.6881080000000566,514.61,32.26316769624332,-4,-1,6.30556495682606
1.898108000000093,514.82,30.934890891835966,-2,-1,6.527245495972709
2.1381079999999884,515.06,31.59579093964955,-3,-2,6.738050979218496
2.308108000000061,515.23,31.513936421455032,1,-2,6.941917622822126
2.5281080000000884,515.45,30.259559545332962,2,-3,7.080991121173323
2.6981080000000475,515.62,29.10659508687026,-1,-3,7.162504678278414
2.898108000000093,515.82,27.906035390655006,3,-3,7.201348218353511
3.1281079999999974,516.05,26.96458136072547,3,-3,7.171490597271317
3.308108000000061,516.23,26.84457817793046,5,-3,7.071688965182445
3.498108000000002,516.42,27.202999628267285,5,-3,6.898266529136223
3.6981080000000475,516.62,27.439346376906226,5,-2,6.695552819670037
3.8881079999999884,516.81,27.62696802482853,5,-2,6.456525753319341
4.1281079999999974,517.05,28.319480657206224,4,-1,6.213718380388314
4.29810800000007,517.22,28.950884252118993,2,-1,5.959057301316905
4.498108000000002,517.42,28.950884252118993,1,0,5.731896580475511
4.688108000000057,517.61,28.816748159530352,-1,0,5.524652633013964
4.908108000000084,517.83,28.90624138168652,0,1,5.347406894417294
5.138107999999988,518.06,29.30557906415968,-2,1,5.205679881862612
5.29810800000007,518.22,29.65603192593096,-2,1,5.105871816634415
5.508107999999993,518.43,29.894585203507944,-3,1,5.044854075729361
5.678108000000066,518.6,29.742999948195664,-4,1,5.014155085194394
5.898108000000093,518.82,29.98086124207119,-3,1,5.040972110749977
6.138107999999988,519.06,30.344797910088005,-3,1,5.110413512332313
6.308108000000061,519.23,30.641264943649745,-3,1,5.231534448541274
6.488108000000011,519.41,30.809393859665597,-2,1,5.407758413230698
6.6981080000000475,519.62,31.30836386589346,-2,1,5.656222615085792
6.898108000000093,519.82,31.63663877951174,-2,1,5.964986384381689
7.138107999999988,520.06,31.718176643556244,-1,1,6.371785402900918
7.308108000000061,520.23,31.840091929541167,-1,0,6.88344400656621
7.498108000000002,520.42,31.860365788284124,0,0,7.529844943192693
7.688108000000057,520.61,31.81980515339464,1,-1,8.390636960804988
7.908108000000084,520.83,31.921110106137654,2,-1,9.478349150117559
8.138107999999988,521.06,31.677433946400573,2,-1,10.851122445533901
8.29810800000007,521.22,31.34958621931793,3,-1,12.61327331528521
8.508107999999993,521.43,30.683383540773406,5,-1,14.848441790447556
8.708108000000038,521.63,29.98086124207119,5,-1,17.588845397722384
8.898108000000093,521.82,29.195199843082953,6,-2,20.816896041800906
9.118108000000007,522.04,28.296669956237693,6,-2,
9.29810800000007,522.22,27.509854449573787,6,-2,
9.488108000000011,522.41,26.456910481855164,7,-2,
9.708108000000038,522.63,25.20705076289698,7,-2,
9.898108000000093,522.82,24.21404867140612,7,-2,
10.138107999999988,523.06,22.87004379228917,6,-2,15.1055664387023
10.308108000000061,523.23,21.77070618880296,6,-2,11.555519807449034
10.498108000000002,523.42,20.644123787140387,6,-1,8.869150038796214
10.708108000000038,523.63,19.48557158514987,5,-1,6.868666023445062
10.908108000000084,523.83,19.083764068453792,4,-1,5.449255028762999
11.138107999999988,524.06,18.28897501619096,3,-1,4.421463606834068
11.318108000000052,524.24,18.075892305860343,1,-1,3.6613277495067775
11.508107999999993,524.43,18.28897501619096,0,0,3.11112801084229
11.698108000000047,524.62,18.253633968643733,-2,0,2.7211772153482094
11.888107999999988,524.81,18.707860810965236,-3,-1,2.4391974547958633
12.128107999999997,525.05,18.981983267707044,-6,-1,2.2383164791729766
12.318108000000052,525.24,19.385900488630956,-6,0,2.0937821766822253
12.488108000000011,525.41,19.78157189746795,-7,0,1.9877330612356117
12.698108000000047,525.62,20.360666988192744,-8,0,1.9225656926339167
12.898108000000093,525.82,20.861927655665095,-8,1,1.883928547007807
13.128107999999997,526.05,21.502105971845868,-7,1,1.8670335894682974
13.29810800000007,526.22,21.947946884594458,-7,1,1.8729567222108177
13.498108000000002,526.42,22.841791719994113,-7,2,1.890195575875377
13.688108000000057,526.61,23.482991565325374,-6,2,1.9150578642315514
13.908108000000084,526.83,24.107142857142858,-6,2,1.9502340165595788
14.148108000000093,527.07,24.240701457318785,-5,2,1.9832713485923377
14.29810800000007,527.22,24.45287794505829,-3,2,2.019914453941135
14.488108000000011,527.41,24.53197101826138,-2,2,2.054411236425283
14.698108000000047,527.62,24.53197101826138,-2,2,2.0780501221332046
14.888107999999988,527.81,24.240701457318785,-2,2,2.081824146329877
15.128107999999997,528.05,24.240701457318785,0,2,2.068857144170548
15.29810800000007,528.22,24.053511772118192,2,2,2.034885176308944
15.498108000000002,528.42,24.053511772118192,2,1,1.980130679290786
15.708108000000038,528.63,23.999760840645123,1,0,1.9087222759045643
15.898108000000093,528.82,23.647401915367755,3,0,1.8188627116495264
16.158108000000084,529.08,23.864853865045976,3,-1,1.723899973720485
16.30810800000006,529.23,23.918907963434812,1,-2,1.6225009506425707
16.508107999999993,529.43,23.620079662552076,3,-3,1.5209700936929056
16.698108000000047,529.62,21.199670290081475,7,-2,1.4246573376669351
16.898108000000093,529.82,16.701918501557028,6,-2,1.344597824089758
17.158108000000084,530.08,12.907268360525096,4,1,1.2820640622203616
17.30810800000006,530.23,15.246695861526115,3,2,1.2384750689981845
17.508107999999993,530.43,18.673312562071473,2,3,1.219729515446857
17.698108000000047,530.62,19.944118359628163,-1,3,1.2231848059948571
17.88810799999999,530.81,21.04682280060342,-3,4,1.2425966276062257
18.148108000000093,531.07,23.999760840645123,-10,5,1.2820638860689832
18.29810800000007,531.22,25.48727924006845,-16,4,1.3390555624670215
18.508107999999993,531.43,27.92916513800802,-21,2,1.4194333745470256
18.70810800000004,531.63,30.366070115932256,-25,2,1.5274064534013199
18.908108000000084,531.83,33.654200771847734,-25,1,1.6627636846019416
19.13810799999999,532.06,36.64849580675801,-23,-2,1.8341445120037758
19.29810800000007,532.22,38.235141171547454,-17,-2,2.057453682743472
19.498108000000002,532.42,40.242805796407225,-14,-2,2.341031526874922
19.688108000000057,532.61,41.92456326668223,-9,-4,2.725613201601632
19.88810799999999,532.81,43.034232339629625,-2,-5,3.266074979100507
20.148108000000093,533.07,43.7632997277539,6,-7,4.0539972978043926
20.29810800000007,533.22,44.08671447110957,9,-8,5.3063668025643205
20.508107999999993,533.43,43.16906577395344,11,-8,7.516018621637636
20.698108000000047,533.62,41.397579232686184,14,-8,12.421235052969696
20.898108000000093,533.82,38.60489619470672,17,-9,32.22419411412694
21.13810799999999,534.06,34.76781587054561,19,-11,
21.29810800000007,534.22,33.073578686662515,20,-13,
21.48810800000001,534.41,30.662331474116108,23,-15,
21.70810800000004,534.63,28.928571428571427,26,-17,
21.898108000000093,534.82,28.614365059443518,25,-18,
22.148108000000093,535.07,28.36504702723305,22,-19,
22.348108000000025,535.27,27.556759606310752,24,-19,
22.498108000000002,535.42,26.724036131221965,23,-18,
