report_t_s,t,GNSS_vz_ms,GNSS_alt,pitch,roll
0.16047579528741485,579.44,-0.7440000000000282,652.37,-1,0
0.35028099830601733,579.63,-0.830447368421062,652.21,0,0
0.6000246864884667,579.88,-0.9438888888888641,652.03,-1,1
0.7698503944524915,580.05,-1.020909090909072,651.81,-2,2
0.9696453449984964,580.25,-1.0710909090909126,651.59,-3,2
1.1694402955445014,580.45,-1.1207894736842263,651.35,-5,3
1.359245498563104,580.64,-1.131650000000036,651.12,-5,3
1.5790199441636867,580.86,-1.139373913043471,650.84,-5,2
1.7588353996550004,581.04,-1.1064705882352541,650.59,-6,3
1.978609845255583,581.26,-1.0425000000000182,650.33,-7,2
2.168415048274299,581.45,-0.9615000000000578,650.12,-6,2
2.3682099988201903,581.65,-0.8692613636363831,649.93,-6,1
2.597974191948062,581.88,-0.7361111111111427,649.75,-5,-1
2.7578101523847978,582.04,-0.6391176470588675,649.61,-4,-1
2.957605102930803,582.24,-0.5408181818182243,649.5,-3,-2
3.157400053476808,582.44,-0.4555263157894842,649.43,-2,-3
3.3571950040226994,582.64,-0.3947499999999877,649.37,0,-3
3.5969489446778597,582.88,-0.3450000000000273,649.34,1,-4
3.7667746526418844,583.05,-0.3322499999999877,649.31,1,-4
3.9665696031878896,583.25,-0.36275000000000546,649.27,2,-3
4.156374806206606,583.44,-0.4149999999999636,649.22,2,-3
4.356169756752497,583.64,-0.49500000000000455,649.15,2,-3
4.595923697407658,583.88,-0.6200000000000045,649.06,1,-3
4.7657494053716825,584.05,-0.7549999999999955,648.94,0,-2
4.955554608390398,584.24,-0.9009999999999536,648.78,0,-2
5.155349558936403,584.44,-1.0511904761904702,648.6,0,-2
5.355144509482295,584.64,-1.2387499999999818,648.38,-1,-2
5.594898450137455,584.88,-1.43040000000002,648.1,-3,-2
5.76472415810148,585.05,-1.6431250000000546,647.8,-4,-2
5.954529361120196,585.24,-1.8949999999999818,647.47,-5,-2
6.16431405919349,585.45,-2.1383636363636924,647.1,-5,-2
6.364109009739381,585.65,-2.4091666666666924,646.65,-5,0
6.613852697921831,585.9,-2.641968325791879,646.16,-6,1
6.773688658358567,586.06,-2.9957894736841126,645.62,-7,1
6.953504113849994,586.24,-3.2800000000000296,644.99,-8,1
7.173278559450576,586.46,-3.631644736842077,644.28,-7,3
7.363083762469179,586.65,-3.9410416666666492,643.55,-6,-1
7.622817198178917,586.91,-4.265477941176414,642.75,-7,-6
7.762673663561075,587.05,-4.5068749999999795,641.84,-6,-8
7.952478866579791,587.24,-4.899999999999977,640.91,-3,-10
8.162263564653085,587.45,-5.382045454545448,639.87,2,-6
8.352068767671687,587.64,-6.030263157894751,638.81,14,-5
8.591822708326848,587.88,-6.856153846153802,637.8,24,-3
8.761648416290873,588.05,-7.490000000000009,636.64,25,0
8.95145361930959,588.24,-8.115000000000009,635.19,24,29
9.171228064910173,588.46,-8.66710526315785,633.47,17,23
9.361033267928775,588.65,-9.093958333333319,631.42,4,21
9.590797461056646,588.88,-9.560000000000002,629.13,-2,1
9.76062316902067,589.05,-9.904999999999973,626.86,-6,1
9.950428372039386,589.24,-9.982750000000067,624.68,-9,0
10.16021307011268,589.45,-9.970757575757602,622.58,-12,-1
10.360008020658572,589.65,-9.674999999999955,620.58,-19,-2
10.589772213786443,589.88,-9.176874999999995,618.68,-26,-1
10.75959792175047,590.05,-8.743181818181768,616.83,-29,0
10.959392872296473,590.25,-8.135000000000048,615.14,-31,1
11.169177570369767,590.46,-7.730238095238121,613.53,-36,-5
11.35898277338837,590.65,-7.305000000000007,612.07,-40,-12
11.59873671404353,590.89,-6.914988235294118,610.72,-42,-11
11.738593179425688,591.03,-6.759490196078389,609.48,-43,-5
11.958367625026272,591.25,-6.638181818181806,608.31,-35,2
12.148172828044986,591.44,-6.540303030302994,607.13,-28,9
12.357957526118167,591.65,-6.641249999999957,605.97,-21,12
12.607701214300617,591.9,-6.786547619047553,604.69,-20,20
12.757547427210064,592.05,-6.8368181818182165,603.35,-17,19
12.94735263022878,592.24,-7.105840909090887,601.93,-14,21
13.167127075829363,592.46,-7.3313408521303245,600.47,-11,8
13.336952783793388,592.63,-7.653659147869689,598.92,-9,-5
13.576706724448547,592.87,-7.942000000000064,597.33,-9,-14
13.75652217993986,593.05,-8.28000000000003,595.7,-9,-17
13.956317130485866,593.25,-8.581818181818164,594.07,-11,-26
14.156112081031871,593.45,-8.899134199134267,592.45,-14,-28
14.345917284050474,593.64,-9.035296052631622,590.68,-12,-28
14.595660972232924,593.89,-9.031244444444553,588.81,-15,-31
14.75549693266966,594.05,-9.0,586.79,-19,-27
14.955291883215663,594.25,-8.650000000000034,584.7,-22,-19
15.165076581288957,594.46,-8.058421052631616,582.64,-23,-11
15.35488178430756,594.65,-7.282350000000008,580.68,-21,-5
15.60462547249001,594.9,-6.266875000000027,579.02,-17,-1
15.754471685399457,595.05,-5.049318181818194,577.7,-13,-1
15.954266635945462,595.25,-3.6906818181818153,576.77,-7,-2
16.164051334018755,595.46,-2.226315789473688,576.24,0,-4
16.363846284564648,595.66,-0.7484000000000606,576.03,5,-7
16.603600225219807,595.9,0.5219999999999914,576.15,11,-11
16.743456690601967,596.04,1.5860000000000127,576.66,13,-13
16.96323113620255,596.26,2.5871190476190122,577.35,15,-17
17.153036339221263,596.45,3.198880952380989,578.14,16,-20
17.342841542239867,596.64,3.6195000000000164,579.04,17,-23
17.592585230422316,596.89,3.822499999999991,580.0,18,-26
17.742431443331764,597.04,3.7549999999999955,580.96,18,-28
17.942226393877768,597.24,3.546363636363594,581.84,18,-29
18.142021344423775,597.44,3.1807894736842286,582.63,18,-30
18.341816294969664,597.64,2.6981250000000614,583.29,17,-30
18.6015497306794,597.9,2.1288333333333753,583.81,15,-28
18.74140619606156,598.04,1.6147222222221558,584.17,13,-26
18.941201146607565,598.24,1.065499999999986,584.38,11,-23
19.14099609715357,598.44,0.5049999999999955,584.46,7,-20
19.330801300172173,598.63,-0.003249999999979991,584.44,4,-15
19.570555240827332,598.87,-0.4900000000000091,584.35,-1,-10
19.750370696318647,599.05,-1.0124999999999318,584.18,-5,-5
19.95016564686465,599.25,-1.4610000000000127,583.96,-9,0
20.13997084988337,599.44,-1.8600000000000136,583.64,-13,5
20.33976580042926,599.64,-2.243325000000027,583.23,-17,9
20.57951974108442,599.88,-2.5602777777777987,582.75,-20,12
20.739355701521156,600.04,-2.866222222222177,582.19,-21,14
20.939150652067163,600.24,-3.085999999999956,581.5,-22,14
21.138945602613166,600.44,-3.2281818181819517,580.74,-22,14
21.328750805631767,600.63,-3.283886363636384,579.98,-22,12
21.57849449381422,600.88,-3.3276470588235156,579.22,-20,8
21.728340706723664,601.03,-3.254852941176466,578.49,-19,5
21.92813565726967,601.23,-3.098678571428593,577.83,-16,2
22.12793060781556,601.43,-2.86950000000013,577.21,-14,0
22.347705053416146,601.65,-2.549599999999998,576.63,-11,-2
22.567479499016727,601.87,-2.310200000000009,576.12,-9,-4
22.73730520698075,602.04,-1.968500000000006,575.69,-8,-5
